blend_id,smiles,oil_property_param_value
49743a76-a614-11ee-9529-005056921581,CCCCC,103300.0
49743a76-a614-11ee-9529-005056921581,CCCC(C)CCC,103300.0
49743a76-a614-11ee-9529-005056921581,CCC(C(OC)=O)CC,103300.0
49743a76-a614-11ee-9529-005056921581,CCCCC(C)C,103300.0
49743a76-a614-11ee-9529-005056921581,CC(C)(C)CC(C)(C)C,103300.0
f320857e-dce9-11ed-803e-005056921581,CCCCC,103100.0
f320857e-dce9-11ed-803e-005056921581,CCCC(C)CCC,103100.0
f320857e-dce9-11ed-803e-005056921581,CCC(C(OC)=O)CC,103100.0
f320857e-dce9-11ed-803e-005056921581,CCCCC(C)C,103100.0
f320857e-dce9-11ed-803e-005056921581,CC(C)CCCCC,103100.0
f320857e-dce9-11ed-803e-005056921581,CC(C)(C)CC(C)(C)C,103100.0
58e62d54-c6fc-11ed-863f-005056921581,CCCC(C)CCC,161250.0
58e62d54-c6fc-11ed-863f-005056921581,CCC(C(OC)=O)CC,161250.0
58e62d54-c6fc-11ed-863f-005056921581,CC(C)CCCCC,161250.0
0366a302-d9cd-11ed-96ad-005056921581,CCCCCC,6806.0
0366a302-d9cd-11ed-96ad-005056921581,CC(OCCCCOC)=O,6806.0
0366a302-d9cd-11ed-96ad-005056921581,CC(C(OCCCC)=O)C(OCCCC)=O,6806.0
0366a302-d9cd-11ed-96ad-005056921581,CCCCCCC(C(C)CCCCCCC)CC(C)CCCCCC,6806.0
388fac92-e18d-11ec-8487-005056921581,CCC(C)CCCC,116600.0
388fac92-e18d-11ec-8487-005056921581,CCCCC,116600.0
388fac92-e18d-11ec-8487-005056921581,CCCC(C)CCC,116600.0
388fac92-e18d-11ec-8487-005056921581,CCC(C(OC)=O)CC,116600.0
388fac92-e18d-11ec-8487-005056921581,CCCCC(C)C,116600.0
388fac92-e18d-11ec-8487-005056921581,CC(C)CCCCC,116600.0
9344ed20-2177-11ee-97a6-005056921581,CCC(C)(C)CC,90075.0
9344ed20-2177-11ee-97a6-005056921581,O=C(OC)C(C)(CCC)C,90075.0
9344ed20-2177-11ee-97a6-005056921581,CCCCC(C)C,90075.0
9344ed20-2177-11ee-97a6-005056921581,CC(C)CCCCC,90075.0
9344ed20-2177-11ee-97a6-005056921581,CC(C)(C)CC(C)(C)C,90075.0
1ea31690-1a2f-11ed-8e4b-005056921581,CCCCC,26595.0
1ea31690-1a2f-11ed-8e4b-005056921581,CCCC(C)CCC,26595.0
1ea31690-1a2f-11ed-8e4b-005056921581,CCC(C(OC)=O)CC,26595.0
1ea31690-1a2f-11ed-8e4b-005056921581,CCCCCC,26595.0
b6d34fba-853c-11ee-9d2f-005056921581,CCCC(C)CCC,7507.0
b6d34fba-853c-11ee-9d2f-005056921581,CCC(C(OC)=O)CC,7507.0
b6d34fba-853c-11ee-9d2f-005056921581,CCCCCCC,7507.0
01d12ce2-ddec-11ed-8992-005056921581,CCC(C(OC)=O)CC,12530.0
01d12ce2-ddec-11ed-8992-005056921581,CCCCCC,12530.0
01d12ce2-ddec-11ed-8992-005056921581,CC(C(OCCCC)=O)C(OCCCC)=O,12530.0
01d12ce2-ddec-11ed-8992-005056921581,CCCCCCC(C(C)CCCCCCC)CC(C)CCCCCC,12530.0
b0a0604e-abab-11ed-8d81-005056921581,CCC(C)CCCC,86845.0
b0a0604e-abab-11ed-8d81-005056921581,CCC(C)(C)CC,86845.0
b0a0604e-abab-11ed-8d81-005056921581,O=C(OC)C(C)(CCC)C,86845.0
b0a0604e-abab-11ed-8d81-005056921581,CCCCC(C)C,86845.0
c547b7d8-c94f-11ed-973e-005056921581,CCCC(C)CCC,14565.0
65074114-a6d5-11ed-9153-005056921581,CCCC(C)CCC,125000.0
65074114-a6d5-11ed-9153-005056921581,CCC(C(OC)=O)CC,125000.0
65074114-a6d5-11ed-9153-005056921581,CC(C)CCCCC,125000.0
5b83373e-a788-11ed-992a-005056921581,CCCCC,131900.0
5b83373e-a788-11ed-992a-005056921581,CCCC(C)CCC,131900.0
5b83373e-a788-11ed-992a-005056921581,CCC(C(OC)=O)CC,131900.0
5b83373e-a788-11ed-992a-005056921581,CCCCC(C)C,131900.0
5b83373e-a788-11ed-992a-005056921581,CC(C)CCCCC,131900.0
5b83373e-a788-11ed-992a-005056921581,CC(C)(C)CC(C)(C)C,131900.0
49f9770e-5e3b-11ec-803b-005056921581,CCC(C)CCCC,34500.0
49f9770e-5e3b-11ec-803b-005056921581,CCC(C)(C)CC,34500.0
49f9770e-5e3b-11ec-803b-005056921581,O=C(CC)OCCCCCOC,34500.0
1368a606-90da-11ed-8e59-005056921581,CCCCC,12515.0
1368a606-90da-11ed-8e59-005056921581,CCCC(C)CCC,12515.0
1368a606-90da-11ed-8e59-005056921581,CCCCCC,12515.0
e716349a-adcd-11ed-996a-005056921581,CCCCC,131300.0
e716349a-adcd-11ed-996a-005056921581,CCCC(C)CCC,131300.0
e716349a-adcd-11ed-996a-005056921581,CCC(C(OC)=O)CC,131300.0
e716349a-adcd-11ed-996a-005056921581,CCCCC(C)C,131300.0
e716349a-adcd-11ed-996a-005056921581,CC(C)CCCCC,131300.0
e716349a-adcd-11ed-996a-005056921581,CC(C)(C)CC(C)(C)C,131300.0
867c3bb0-a9dd-11ec-9d4e-005056921581,CCC(C)CCCC,385200.0
867c3bb0-a9dd-11ec-9d4e-005056921581,CCCCC,385200.0
867c3bb0-a9dd-11ec-9d4e-005056921581,CCCC(C)CCC,385200.0
867c3bb0-a9dd-11ec-9d4e-005056921581,CCCCC(C)C,385200.0
78e88e28-e0c3-11ec-95ab-005056921581,CCC(C)CCCC,111850.0
78e88e28-e0c3-11ec-95ab-005056921581,CCCCC,111850.0
78e88e28-e0c3-11ec-95ab-005056921581,CCCC(C)CCC,111850.0
78e88e28-e0c3-11ec-95ab-005056921581,CCC(C(OC)=O)CC,111850.0
78e88e28-e0c3-11ec-95ab-005056921581,CCCCC(C)C,111850.0
78e88e28-e0c3-11ec-95ab-005056921581,CC(C)CCCCC,111850.0
38dd345c-5038-11ed-93f9-005056921581,CCC(C)(C)CC,853000.0
38dd345c-5038-11ed-93f9-005056921581,CCCC(C)CCC,853000.0
38dd345c-5038-11ed-93f9-005056921581,CCC(C(OC)=O)CC,853000.0
4d33de30-09e0-11ee-8bcd-005056921581,CCCCC,107750.0
4d33de30-09e0-11ee-8bcd-005056921581,CCCC(C)CCC,107750.0
4d33de30-09e0-11ee-8bcd-005056921581,CCC(C(OC)=O)CC,107750.0
4d33de30-09e0-11ee-8bcd-005056921581,CCCCC(C)C,107750.0
4d33de30-09e0-11ee-8bcd-005056921581,CC(C)CCCCC,107750.0
4d33de30-09e0-11ee-8bcd-005056921581,CC(C)(C)CC(C)(C)C,107750.0
20f38ca2-c3ff-11ed-9434-005056921581,CCCC(C)CCC,173050.0
20f38ca2-c3ff-11ed-9434-005056921581,CCC(C(OC)=O)CC,173050.0
20f38ca2-c3ff-11ed-9434-005056921581,CC(C)CCCCC,173050.0
1beff8c2-adce-11ed-996a-005056921581,CCCCC,129200.0
1beff8c2-adce-11ed-996a-005056921581,CCCC(C)CCC,129200.0
1beff8c2-adce-11ed-996a-005056921581,CCC(C(OC)=O)CC,129200.0
1beff8c2-adce-11ed-996a-005056921581,CCCCC(C)C,129200.0
1beff8c2-adce-11ed-996a-005056921581,CC(C)CCCCC,129200.0
1beff8c2-adce-11ed-996a-005056921581,CC(C)(C)CC(C)(C)C,129200.0
6d077f30-9d77-11ed-9fac-005056921581,CCCC(C)CCC,72465.0
6d077f30-9d77-11ed-9fac-005056921581,CCC(C(OC)=O)CC,72465.0
6d077f30-9d77-11ed-9fac-005056921581,CCCCC(C)C,72465.0
6d077f30-9d77-11ed-9fac-005056921581,CC(C)CCCCC,72465.0
28f29ab0-627e-11ee-823f-005056921581,CC(C(OCCCC)=O)C(OCCCC)=O,147550.0
28f29ab0-627e-11ee-823f-005056921581,CCCCCCC(C(C(C)C)CCCCCC)CC(C(C)C)CCCCC,147550.0
28f29ab0-627e-11ee-823f-005056921581,CCCCCCCCC(CCCCCC)CC(C)CCCCCCCC,147550.0
60e6537e-c73e-11ee-99e2-005056921581,CCCCC,46330.0
60e6537e-c73e-11ee-99e2-005056921581,CCCC(C)CCC,46330.0
60e6537e-c73e-11ee-99e2-005056921581,CC(C)CCCC,46330.0
acb8f3da-a0a9-11ee-8a84-005056921581,CCCC(C)CCC,21580.0
acb8f3da-a0a9-11ee-8a84-005056921581,CCC(C(OC)=O)CC,21580.0
acb8f3da-a0a9-11ee-8a84-005056921581,CC(C)(CC(C)C1=CC=CC=C1)C(OC)=O,21580.0
acb8f3da-a0a9-11ee-8a84-005056921581,CC(C)(C)CC(C)(C)C,21580.0
acb8f3da-a0a9-11ee-8a84-005056921581,CCC(C)CCC,21580.0
007b4d7a-b1f8-11ed-93b4-005056921581,CCCCC,13360.0
007b4d7a-b1f8-11ed-93b4-005056921581,CCCC(C)CCC,13360.0
007b4d7a-b1f8-11ed-93b4-005056921581,CCCCCC,13360.0
007b4d7a-b1f8-11ed-93b4-005056921581,CC(C)CCCCC,13360.0
cb28f2de-802b-11ec-83a1-005056921581,CCCC(C)CCC,10650.0
f2703df4-4df6-11ed-9a6d-005056921581,CCC(C)CCCC,189900.0
f2703df4-4df6-11ed-9a6d-005056921581,CCC(C(OC)=O)CC,189900.0
62c8438e-bc99-11ec-9ebf-005056921581,CCC(C)CCCC,127350.0
62c8438e-bc99-11ec-9ebf-005056921581,CCCCC,127350.0
62c8438e-bc99-11ec-9ebf-005056921581,CCCC(C)CCC,127350.0
62c8438e-bc99-11ec-9ebf-005056921581,CCC(C(OC)=O)CC,127350.0
62c8438e-bc99-11ec-9ebf-005056921581,CCCCC(C)C,127350.0
e472c494-13e8-11ed-94cf-005056921581,CCC(C)CCCC,38060.0
e472c494-13e8-11ed-94cf-005056921581,CCCCC,38060.0
e472c494-13e8-11ed-94cf-005056921581,CCC(C(OC)=O)CC,38060.0
e472c494-13e8-11ed-94cf-005056921581,CC/C=C/CC(C1=CC=CC=C1)CC,38060.0
f52315b4-b25e-11ec-8ff7-005056921581,CCC(C)CCCC,131000.0
f52315b4-b25e-11ec-8ff7-005056921581,CCCCC,131000.0
f52315b4-b25e-11ec-8ff7-005056921581,CCCC(C)CCC,131000.0
f52315b4-b25e-11ec-8ff7-005056921581,CCCCC(C)C,131000.0
f52315b4-b25e-11ec-8ff7-005056921581,CC(C)(C)C(OC)=O,131000.0
21902f44-80ed-11ed-990b-005056921581,CCC(C)(C)CC,33065.0
21902f44-80ed-11ed-990b-005056921581,CCCC(C)CCC,33065.0
21902f44-80ed-11ed-990b-005056921581,CCC(C(OC)=O)CC,33065.0
21902f44-80ed-11ed-990b-005056921581,CCC(C(O[CH2](C)CCCCCCCCCCCCCCCCCCC[CH2])=O)C(C(C(O[CH2](C)CCCCCCCCCCCCCCCCC[CH2])=O)C)C,33065.0
3ddea7ba-5a88-11ed-96db-005056921581,CCC(C)CCCC,83760.0
3ddea7ba-5a88-11ed-96db-005056921581,CCC(C(OC)=O)CC,83760.0
3ddea7ba-5a88-11ed-96db-005056921581,CCCCC(C)C,83760.0
a0fc215e-3267-11ed-8a15-005056921581,CCC(C)CCCC,143800.0
a0fc215e-3267-11ed-8a15-005056921581,CCCCC,143800.0
a0fc215e-3267-11ed-8a15-005056921581,CCC(C)CC,143800.0
a0fc215e-3267-11ed-8a15-005056921581,CCC(C(OC)=O)CC,143800.0
a0fc215e-3267-11ed-8a15-005056921581,CCCCC(C)C,143800.0
e773aefc-f89d-11ed-9df0-005056921581,CCCCCC,8222.0
e773aefc-f89d-11ed-9df0-005056921581,CC(C(OCCCC)=O)C(OCCCC)=O,8222.0
e773aefc-f89d-11ed-9df0-005056921581,CCCCCCCCC(CCCCCC)CC(C)CCCCCCCC,8222.0
083a8a14-3807-11ed-9a4d-005056921581,CCCCC,16225.0
083a8a14-3807-11ed-9a4d-005056921581,CCCC(C)CCC,16225.0
083a8a14-3807-11ed-9a4d-005056921581,COC(C(C)(CC)C)=O,16225.0
083a8a14-3807-11ed-9a4d-005056921581,CCCCCC,16225.0
ad4eaab8-cf09-11ee-9e5f-005056921581,CCCCC,61500.0
ad4eaab8-cf09-11ee-9e5f-005056921581,CCCC(C)CCC,61500.0
ad4eaab8-cf09-11ee-9e5f-005056921581,CC(C)CCCC,61500.0
8247f70a-b982-11ec-824f-005056921581,CCC(C)CCCC,119200.0
8247f70a-b982-11ec-824f-005056921581,CCCCC,119200.0
8247f70a-b982-11ec-824f-005056921581,CCCC(C)CCC,119200.0
8247f70a-b982-11ec-824f-005056921581,CCC(C(OC)=O)CC,119200.0
8247f70a-b982-11ec-824f-005056921581,CCCCC(C)C,119200.0
e3575a32-6d85-11ee-889d-005056921581,CC(C(OCCCC)=O)C(OCCCC)=O,198300.0
e3575a32-6d85-11ee-889d-005056921581,CCCCCCC(CCCCCCCC)CCCCCCCC,198300.0
e3575a32-6d85-11ee-889d-005056921581,CCCCCCCCC(CCCCCC)CC(C)CCCCCCCC,198300.0
b44403d8-1d4c-11ed-934f-005056921581,CCCCC,17035.0
b44403d8-1d4c-11ed-934f-005056921581,CCCC(C)CCC,17035.0
b44403d8-1d4c-11ed-934f-005056921581,CCC(C(OC)=O)CC,17035.0
b44403d8-1d4c-11ed-934f-005056921581,CCCCCC,17035.0
d94052d4-ca19-11ed-9dc9-005056921581,CCCCC,22610.0
d94052d4-ca19-11ed-9dc9-005056921581,CCCC(C)CCC,22610.0
d94052d4-ca19-11ed-9dc9-005056921581,CCC(C(OC)=O)CC,22610.0
d94052d4-ca19-11ed-9dc9-005056921581,CCCCCC,22610.0
d94052d4-ca19-11ed-9dc9-005056921581,CC(C)CCCCC,22610.0
d94052d4-ca19-11ed-9dc9-005056921581,CCC(C(OC[CH2](C)CCCCCCC[CH2])=O)C,22610.0
d2af969e-0e69-11ed-8e9d-005056921581,CCCCC,25650.0
d2af969e-0e69-11ed-8e9d-005056921581,CCCC(C)CCC,25650.0
d2af969e-0e69-11ed-8e9d-005056921581,CCC(C(OC)=O)CC,25650.0
d2af969e-0e69-11ed-8e9d-005056921581,CCCCCC,25650.0
23a15042-5694-11ee-87b9-005056921581,CCCC(C)CCC,7678.0
23a15042-5694-11ee-87b9-005056921581,CCCCCCC,7678.0
23a15042-5694-11ee-87b9-005056921581,O=C(C1=CC=CC=C1)N2N=NC3=C2C=CC=C3,7678.0
0c1e84d8-b967-11ec-824f-005056921581,CCC(C)CCCC,130450.0
0c1e84d8-b967-11ec-824f-005056921581,CCCCC,130450.0
0c1e84d8-b967-11ec-824f-005056921581,CC1CCCCC1C,130450.0
0c1e84d8-b967-11ec-824f-005056921581,CCCC(C)CCC,130450.0
0c1e84d8-b967-11ec-824f-005056921581,CCC(C(OC)=O)CC,130450.0
0c1e84d8-b967-11ec-824f-005056921581,CCCCC(C)C,130450.0
c189e03a-34fd-11ed-8af2-005056921581,CCCCC,13565.0
c189e03a-34fd-11ed-8af2-005056921581,CCCC(C)CCC,13565.0
c189e03a-34fd-11ed-8af2-005056921581,COC(C(C)(CC)C)=O,13565.0
c189e03a-34fd-11ed-8af2-005056921581,CCCCCC,13565.0
9b98b4dc-851f-11ee-9d2f-005056921581,CCCC(C)CCC,10010.0
9b98b4dc-851f-11ee-9d2f-005056921581,CCC(C(OC)=O)CC,10010.0
9b98b4dc-851f-11ee-9d2f-005056921581,CCCCCCC,10010.0
9b98b4dc-851f-11ee-9d2f-005056921581,CCCCC(C)C,10010.0
cb82ed28-a614-11ee-9529-005056921581,CCCCC,145200.0
cb82ed28-a614-11ee-9529-005056921581,CCCC(C)CCC,145200.0
cb82ed28-a614-11ee-9529-005056921581,CCC(C(OC)=O)CC,145200.0
cb82ed28-a614-11ee-9529-005056921581,CCCCC(C)C,145200.0
cb82ed28-a614-11ee-9529-005056921581,CC(C)(C)CC(C)(C)C,145200.0
4b1e0708-c7bc-11ed-9659-005056921581,CCCCC,131700.0
4b1e0708-c7bc-11ed-9659-005056921581,CCCC(C)CCC,131700.0
4b1e0708-c7bc-11ed-9659-005056921581,CCC(C(OC)=O)CC,131700.0
4b1e0708-c7bc-11ed-9659-005056921581,CCCCC(C)C,131700.0
4b1e0708-c7bc-11ed-9659-005056921581,CC(C)CCCCC,131700.0
4b1e0708-c7bc-11ed-9659-005056921581,CC(C)(C)CC(C)(C)C,131700.0
145aabec-d921-11ed-8ff0-005056921581,O=S(C1=CC=C([C18H21])C=C1)(O)=O,6738.0
145aabec-d921-11ed-8ff0-005056921581,CCCCCC,6738.0
145aabec-d921-11ed-8ff0-005056921581,CC(OCCCCOC)=O,6738.0
145aabec-d921-11ed-8ff0-005056921581,CCCCCCC(C(C)CCCCCCC)CC(C)CCCCCC,6738.0
cdfd2748-34ec-11ed-8af2-005056921581,CCC(C)CCCC,31560.0
cdfd2748-34ec-11ed-8af2-005056921581,CCCCC,31560.0
cdfd2748-34ec-11ed-8af2-005056921581,CCC(C)(C)CC,31560.0
cdfd2748-34ec-11ed-8af2-005056921581,COC(C(C)(CC)C)=O,31560.0
cdfd2748-34ec-11ed-8af2-005056921581,CCC(C(OC)=O)CC,31560.0
445c6362-1fb3-11ed-9457-005056921581,CCCCC,12890.0
445c6362-1fb3-11ed-9457-005056921581,CCCC(C)CCC,12890.0
445c6362-1fb3-11ed-9457-005056921581,CCCCCC,12890.0
2a16aa0c-a141-11ed-9c3e-005056921581,CCCC(C)CCC,7369.0
2a16aa0c-a141-11ed-9c3e-005056921581,CCCCCCC,7369.0
2a16aa0c-a141-11ed-9c3e-005056921581,CC(C)(C)C(OC)=O,7369.0
2a16aa0c-a141-11ed-9c3e-005056921581,CC(C)CCCCC,7369.0
2a16aa0c-a141-11ed-9c3e-005056921581,CCC(C(OC[CH2](C)CCCCCCC[CH2])=O)C,7369.0
2a16aa0c-a141-11ed-9c3e-005056921581,CCCC/C=C\C(CCCCCCC)=C\C(CCCCC)C,7369.0
46b4fc7e-7fee-11ec-83a1-005056921581,CCCCC(C(OCC)=O)C(OCC)=O,28325.0
46b4fc7e-7fee-11ec-83a1-005056921581,CCCCC(C)C,28325.0
46b4fc7e-7fee-11ec-83a1-005056921581,CCCCCCCCC(C(C(C)C)CCCCCC)CC(C(C)C)CCCCC,28325.0
8d12156a-487c-11ed-8f1b-005056921581,CCCCC,20325.0
8d12156a-487c-11ed-8f1b-005056921581,CCCC(C)CCC,20325.0
8d12156a-487c-11ed-8f1b-005056921581,CCC(C(OC)=O)CC,20325.0
8d12156a-487c-11ed-8f1b-005056921581,CCCCCC,20325.0
4cea0804-76ed-11ed-8822-005056921581,CCC(C)CCCC,8607.0
4cea0804-76ed-11ed-8822-005056921581,CCC(C(OC)=O)CC,8607.0
4cea0804-76ed-11ed-8822-005056921581,CCCCCC,8607.0
4cea0804-76ed-11ed-8822-005056921581,CC(C)(CC(C)C1=CC=CC=C1)C(OC)=O,8607.0
b6949c26-b5b7-11ec-8ff7-005056921581,CCC(C)CCCC,174300.0
b6949c26-b5b7-11ec-8ff7-005056921581,CCCCC,174300.0
b6949c26-b5b7-11ec-8ff7-005056921581,CCCC(C)CCC,174300.0
b6949c26-b5b7-11ec-8ff7-005056921581,CCCCC(C)C,174300.0
b6949c26-b5b7-11ec-8ff7-005056921581,CC(C)(C)C(OC)=O,174300.0
d83b9c4a-699d-11ed-906f-005056921581,CCCC(C)CCC,121950.0
d83b9c4a-699d-11ed-906f-005056921581,CCC(C(OC)=O)CC,121950.0
0881a55a-40bf-11ed-9f68-005056921581,CCC(C)CCCC,
0881a55a-40bf-11ed-9f68-005056921581,CCCCC,
0881a55a-40bf-11ed-9f68-005056921581,CCC(C)(C)CC,
0881a55a-40bf-11ed-9f68-005056921581,CCC(C(OC)=O)CC,
a5471efe-5f57-11ed-9217-005056921581,CCCCC(C)C,2685.0
a5471efe-5f57-11ed-9217-005056921581,O=C(OC)C(C)(C)CC,2685.0
a5471efe-5f57-11ed-9217-005056921581,CC(C)CCCCC,2685.0
a5471efe-5f57-11ed-9217-005056921581,CCCCCCCCC(CCCCC)CCCCCC,2685.0
c9dac892-6113-11ee-9304-005056921581,CC(C(OCCCC)=O)C(OCCCC)=O,129050.0
c9dac892-6113-11ee-9304-005056921581,CCCCCCC(C(C(C)C)CCCCCC)CC(C(C)C)CCCCC,129050.0
c9dac892-6113-11ee-9304-005056921581,CCCCCCCCC(CCCCCC)CC(C)CCCCCCCC,129050.0
bebb9412-0f40-11ed-9900-005056921581,CCC(C)(C)CC,19240.0
bebb9412-0f40-11ed-9900-005056921581,CCCC(C)CCC,19240.0
bebb9412-0f40-11ed-9900-005056921581,COC(C(C)(CC)C)=O,19240.0
232fb26a-4bba-11ed-9952-005056921581,CCCCC,18255.0
232fb26a-4bba-11ed-9952-005056921581,CCCC(C)CCC,18255.0
232fb26a-4bba-11ed-9952-005056921581,CCC(C(OC)=O)CC,18255.0
232fb26a-4bba-11ed-9952-005056921581,CC1=CC2=NNN=C2C=C1.C(CO)N(CCO)CCO,18255.0
232fb26a-4bba-11ed-9952-005056921581,CCCCCC,18255.0
951b79d0-81f8-11ed-9fa7-005056921581,CCCCCCC,25910.0
951b79d0-81f8-11ed-9fa7-005056921581,O=C(OC)C(C)(C)CC,25910.0
951b79d0-81f8-11ed-9fa7-005056921581,CC(C)CCCCC,25910.0
951b79d0-81f8-11ed-9fa7-005056921581,CCCCCCCCC(CCCCC)CCCCCC,25910.0
c6a05dbc-85dc-11ed-8bea-005056921581,CCC(C)CCCC,88200.0
c6a05dbc-85dc-11ed-8bea-005056921581,CCC(C)(C)CC,88200.0
c6a05dbc-85dc-11ed-8bea-005056921581,O=C(OC)C(C)(CCC)C,88200.0
c6a05dbc-85dc-11ed-8bea-005056921581,CCCCC(C)C,88200.0
c29520ba-69a1-11ed-906f-005056921581,CCCC(C)CCC,7900.0
c29520ba-69a1-11ed-906f-005056921581,CC(C)(C)C(OC)=O,7900.0
c29520ba-69a1-11ed-906f-005056921581,CC(C)CCCCC,7900.0
c29520ba-69a1-11ed-906f-005056921581,CCC(C(OC[CH2](C)CCCCCCC[CH2])=O)C,7900.0
c29520ba-69a1-11ed-906f-005056921581,CCCC/C=C\C(CCCCCCC)=C\C(CCCCC)C,7900.0
70215fd8-0e79-11ee-8cc3-005056921581,CCCCC,127050.0
70215fd8-0e79-11ee-8cc3-005056921581,CCCC(C)CCC,127050.0
70215fd8-0e79-11ee-8cc3-005056921581,CCC(C(OC)=O)CC,127050.0
70215fd8-0e79-11ee-8cc3-005056921581,CCCCC(C)C,127050.0
70215fd8-0e79-11ee-8cc3-005056921581,CC(C)CCCCC,127050.0
70215fd8-0e79-11ee-8cc3-005056921581,CC(C)(C)CC(C)(C)C,127050.0
53716c98-3b38-11ee-80a6-005056921581,CCCC(C)CCC,9698.0
53716c98-3b38-11ee-80a6-005056921581,CCCCCCC,9698.0
096a5168-6113-11ee-9304-005056921581,CC(C(OCCCC)=O)C(OCCCC)=O,5179.0
096a5168-6113-11ee-9304-005056921581,CCCCCCC(C(C)CCC)CC(C)CCCCCC,5179.0
096a5168-6113-11ee-9304-005056921581,CCCCCCCCC(CCCCCC)CC(C)CCCCCCCC,5179.0
bfcaec72-c4a3-11ed-9cc3-005056921581,CCCCC,40500.0
bfcaec72-c4a3-11ed-9cc3-005056921581,CCC(C(OC)=O)CC,40500.0
bfcaec72-c4a3-11ed-9cc3-005056921581,CC(C)(CC(C)C1=CC=CC=C1)C(OC)=O,40500.0
bfcaec72-c4a3-11ed-9cc3-005056921581,CC(C)(C)CC(C)(C)C,40500.0
b0c0139c-34ed-11ed-8af2-005056921581,CCC(C)CCCC,38340.0
b0c0139c-34ed-11ed-8af2-005056921581,CCCCC,38340.0
b0c0139c-34ed-11ed-8af2-005056921581,CCC(C)(C)CC,38340.0
b0c0139c-34ed-11ed-8af2-005056921581,COC(C(C)(CC)C)=O,38340.0
b0c0139c-34ed-11ed-8af2-005056921581,CCC(C(OC)=O)CC,38340.0
e5a85c1e-a3af-11ed-9d48-005056921581,CCCC(C)CCC,83845.0
e5a85c1e-a3af-11ed-9d48-005056921581,CCC(C(OC)=O)CC,83845.0
e5a85c1e-a3af-11ed-9d48-005056921581,CCCCC(C)C,83845.0
e5a85c1e-a3af-11ed-9d48-005056921581,CC(C)CCCCC,83845.0
9042fe28-0f2f-11ee-9c71-005056921581,CCCCCC,8597.0
9042fe28-0f2f-11ee-9c71-005056921581,CC(C(OCCCC)=O)C(OCCCC)=O,8597.0
9042fe28-0f2f-11ee-9c71-005056921581,CCCCCCCCC(CCCCCC)CC(C)CCCCCCCC,8597.0
75df609e-1fce-11ee-8a17-005056921581,CCCC(C)CCC,87330.0
75df609e-1fce-11ee-8a17-005056921581,CCCCC(C)C,87330.0
f33ce86a-c5a3-11ee-9962-005056921581,CCCCC,55635.0
f33ce86a-c5a3-11ee-9962-005056921581,CCCC(C)CCC,55635.0
f33ce86a-c5a3-11ee-9962-005056921581,CCC(C(OC)=O)CC,55635.0
f33ce86a-c5a3-11ee-9962-005056921581,CCC(CC(C)OCCCC)Cl,55635.0
f33ce86a-c5a3-11ee-9962-005056921581,CC(C)(C)CC(C)(C)C,55635.0
12799772-7cfa-11ec-83a1-005056921581,CCC(C)CCCC,43800.0
12799772-7cfa-11ec-83a1-005056921581,CCCCC(C(OCC)=O)C(OCC)=O,43800.0
12799772-7cfa-11ec-83a1-005056921581,O=C(CC)OCCCCCOC,43800.0
12799772-7cfa-11ec-83a1-005056921581,CCCCCCCCC(C(C(C)C)CCCCCC)CC(C(C)C)CCCCC,43800.0
7e24f938-8eb1-11ee-8345-005056921581,CCCCC,111900.0
7e24f938-8eb1-11ee-8345-005056921581,CCCC(C)CCC,111900.0
7e24f938-8eb1-11ee-8345-005056921581,CCC(C(OC)=O)CC,111900.0
7e24f938-8eb1-11ee-8345-005056921581,CCCCC(C)C,111900.0
7e24f938-8eb1-11ee-8345-005056921581,CC(C)(C)CC(C)(C)C,111900.0
2912aff4-09e0-11ee-8bcd-005056921581,CCCCCC,7224.0
2912aff4-09e0-11ee-8bcd-005056921581,CC(C(OCCCC)=O)C(OCCCC)=O,7224.0
2912aff4-09e0-11ee-8bcd-005056921581,CCCCCCCCC(CCCCCC)CC(C)CCCCCCCC,7224.0
a1753376-c323-11ed-9f4e-005056921581,CCCCC,-43.0
a1753376-c323-11ed-9f4e-005056921581,CCCC(C)CCC,-43.0
a1753376-c323-11ed-9f4e-005056921581,CCC(C(OC)=O)CC,-43.0
a1753376-c323-11ed-9f4e-005056921581,CCCCC(C)C,-43.0
a1753376-c323-11ed-9f4e-005056921581,CC(C)CCCCC,-43.0
a1753376-c323-11ed-9f4e-005056921581,CC(C)(C)CC(C)(C)C,-43.0
fe497da4-4ac5-11ed-8f31-005056921581,CCC(C)CCCC,33510.0
fe497da4-4ac5-11ed-8f31-005056921581,CCCCC,33510.0
fe497da4-4ac5-11ed-8f31-005056921581,CCC(C)(C)CC,33510.0
fe497da4-4ac5-11ed-8f31-005056921581,CCC(C(OC)=O)CC,33510.0
04aed446-6beb-11ed-87f9-005056921581,CCCC(C)CCC,7416.0
04aed446-6beb-11ed-87f9-005056921581,CC(C)(C)C(OC)=O,7416.0
04aed446-6beb-11ed-87f9-005056921581,CC(C)CCCCC,7416.0
04aed446-6beb-11ed-87f9-005056921581,CCC(C(OC[CH2](C)CCCCCCC[CH2])=O)C,7416.0
04aed446-6beb-11ed-87f9-005056921581,CCCC/C=C\C(CCCCCCC)=C\C(CCCCC)C,7416.0
fb57b4fe-632f-11ec-8eb2-005056921581,CCC(C)CCCC,16315.0
fb57b4fe-632f-11ec-8eb2-005056921581,CCCC(C)CCC,16315.0
7f24f740-850a-11ed-9343-005056921581,O=C(OC)C(C)(C)CC,2815.0
7f24f740-850a-11ed-9343-005056921581,CC(C)CCCCC,2815.0
7f24f740-850a-11ed-9343-005056921581,CCCCCCCCC(CCCCC)CCCCCC,2815.0
886129e0-9d75-11ed-9fac-005056921581,CCCC(C)CCC,73335.0
886129e0-9d75-11ed-9fac-005056921581,CCC(C(OC)=O)CC,73335.0
886129e0-9d75-11ed-9fac-005056921581,CCCCC(C)C,73335.0
886129e0-9d75-11ed-9fac-005056921581,CC(C)CCCCC,73335.0
fe8635a0-1262-11ed-8f47-005056921581,CCC(C)CCCC,17140.0
fe8635a0-1262-11ed-8f47-005056921581,CCC(C)(C)CC,17140.0
fe8635a0-1262-11ed-8f47-005056921581,COC(C(C)(CC)C)=O,17140.0
fe8635a0-1262-11ed-8f47-005056921581,CCC(C(OC)=O)CC,17140.0
c7ae9c00-0666-11ed-9716-005056921581,CCCCC,68890.0
c7ae9c00-0666-11ed-9716-005056921581,CCCC(C)CCC,68890.0
c7ae9c00-0666-11ed-9716-005056921581,CCCCCC,68890.0
c7ae9c00-0666-11ed-9716-005056921581,CC/C=C/CC(C1=CC=CC=C1)CC,68890.0
068c0fcc-b642-11ec-8ff7-005056921581,CCC(C)CCCC,113550.0
068c0fcc-b642-11ec-8ff7-005056921581,CCCCC,113550.0
068c0fcc-b642-11ec-8ff7-005056921581,CCCC(C)CCC,113550.0
068c0fcc-b642-11ec-8ff7-005056921581,CCC(C(OC)=O)CC,113550.0
068c0fcc-b642-11ec-8ff7-005056921581,CCCCC(C)C,113550.0
4df6f2e6-c7c6-11ed-9659-005056921581,CCCC(C)CCC,141850.0
4df6f2e6-c7c6-11ed-9659-005056921581,CC(C)CCCCC,141850.0
87ad1916-c590-11ee-8071-005056921581,CCCCC,80820.0
87ad1916-c590-11ee-8071-005056921581,CCCC(C)CCC,80820.0
87ad1916-c590-11ee-8071-005056921581,CCC(C(OC)=O)CC,80820.0
87ad1916-c590-11ee-8071-005056921581,CCCCC(C)C,80820.0
87ad1916-c590-11ee-8071-005056921581,CC(C)(C)CC(C)(C)C,80820.0
74d1e252-4546-11ed-95be-005056921581,CCCCC,23060.0
74d1e252-4546-11ed-95be-005056921581,CCCC(C)CCC,23060.0
74d1e252-4546-11ed-95be-005056921581,CCC(C(OC)=O)CC,23060.0
74d1e252-4546-11ed-95be-005056921581,CCCCCC,23060.0
38b84798-7cfb-11ec-83a1-005056921581,CCC(C)CCCC,40250.0
38b84798-7cfb-11ec-83a1-005056921581,CCCCC(C(OCC)=O)C(OCC)=O,40250.0
38b84798-7cfb-11ec-83a1-005056921581,CCCCC(C)C,40250.0
38b84798-7cfb-11ec-83a1-005056921581,CCCCCCCCC(C(C(C)C)CCCCCC)CC(C(C)C)CCCCC,40250.0
242af534-2577-11ee-88f6-005056921581,CCCCC,129300.0
242af534-2577-11ee-88f6-005056921581,CCCC(C)CCC,129300.0
242af534-2577-11ee-88f6-005056921581,CCC(C(OC)=O)CC,129300.0
242af534-2577-11ee-88f6-005056921581,CCCCC(C)C,129300.0
242af534-2577-11ee-88f6-005056921581,CC(C)(C)CC(C)(C)C,129300.0
a3223c04-0745-11ed-9115-005056921581,CCCCC,619500.0
a3223c04-0745-11ed-9115-005056921581,CCCC(C)CCC,619500.0
a3223c04-0745-11ed-9115-005056921581,CCCCCC,619500.0
a3223c04-0745-11ed-9115-005056921581,CC/C=C/CC(C1=CC=CC=C1)CC,619500.0
11567186-5baf-11ee-821b-005056921581,CC(C(OCCCC)=O)C(OCCCC)=O,150900.0
11567186-5baf-11ee-821b-005056921581,CCCCCCCCC(CCCCCC)CC(C)CCCCCCCC,150900.0
b7d7d6ce-292b-11ed-9be5-005056921581,CCC(C)CCCC,71550.0
b7d7d6ce-292b-11ed-9be5-005056921581,CCCCC,71550.0
b7d7d6ce-292b-11ed-9be5-005056921581,CCC(C(OC)=O)CC,71550.0
b7d7d6ce-292b-11ed-9be5-005056921581,CCCCC(C)C,71550.0
6f961a92-d1f0-11ed-929c-005056921581,CCCCC,35880.0
6f961a92-d1f0-11ed-929c-005056921581,CCCC(C)CCC,35880.0
6f961a92-d1f0-11ed-929c-005056921581,CCC(C(OC)=O)CC,35880.0
6f961a92-d1f0-11ed-929c-005056921581,CCCCCC,35880.0
6f961a92-d1f0-11ed-929c-005056921581,CC(C)CCCCC,35880.0
6f961a92-d1f0-11ed-929c-005056921581,CCC(C(OC[CH2](C)CCCCCCC[CH2])=O)C,35880.0
9aba5c66-0f43-11ee-9c71-005056921581,CCCC(C)CCC,14840.0
9aba5c66-0f43-11ee-9c71-005056921581,CCCCC(C)C,14840.0
9aba5c66-0f43-11ee-9c71-005056921581,CC(C)(C)C(OC)=O,14840.0
9aba5c66-0f43-11ee-9c71-005056921581,CC(C)CCCCC,14840.0
4f54e0e0-13cf-11ed-94cf-005056921581,CCC(C)CCCC,18725.0
4f54e0e0-13cf-11ed-94cf-005056921581,CCC(C)(C)CC,18725.0
4f54e0e0-13cf-11ed-94cf-005056921581,CCCC(C)CCC,18725.0
4f54e0e0-13cf-11ed-94cf-005056921581,COC(C(C)(CC)C)=O,18725.0
4f54e0e0-13cf-11ed-94cf-005056921581,CCC(C(OC)=O)CC,18725.0
354d740c-066c-11ed-9716-005056921581,CCCCC,166200.0
354d740c-066c-11ed-9716-005056921581,CCCC(C)CCC,166200.0
354d740c-066c-11ed-9716-005056921581,O=C(OC)C(C)(CCC)C,166200.0
354d740c-066c-11ed-9716-005056921581,CCCCC(C)C,166200.0
63b5dcb2-4dfc-11ed-9a6d-005056921581,CCCCCCC,4402.0
63b5dcb2-4dfc-11ed-9a6d-005056921581,O=C(OC)C(C)(C)CC,4402.0
63b5dcb2-4dfc-11ed-9a6d-005056921581,CC(C)CCCCC,4402.0
63b5dcb2-4dfc-11ed-9a6d-005056921581,CCC(C(OC)=O)(CC(C1=CC=CC=C1)CCC)C,4402.0
e0356eb6-6f3d-11ee-8917-005056921581,CC(C(OCCCC)=O)C(OCCCC)=O,7966.0
e0356eb6-6f3d-11ee-8917-005056921581,CCCCCCC(CCCCCCCC)CCCCCCCC,7966.0
e0356eb6-6f3d-11ee-8917-005056921581,CCCCCCCCC(CCCCCC)CC(C)CCCCCCCC,7966.0
bfecf1da-b641-11ec-8ff7-005056921581,CCC(C)CCCC,117600.0
bfecf1da-b641-11ec-8ff7-005056921581,CCCCC,117600.0
bfecf1da-b641-11ec-8ff7-005056921581,CCCC(C)CCC,117600.0
bfecf1da-b641-11ec-8ff7-005056921581,CCC(C(OC)=O)CC,117600.0
bfecf1da-b641-11ec-8ff7-005056921581,CCCCC(C)C,117600.0
a4e36c3e-c172-11ec-9ebf-005056921581,CCC(C)CCCC,48125.0
a4e36c3e-c172-11ec-9ebf-005056921581,CCC(C)(C)CC,48125.0
a4e36c3e-c172-11ec-9ebf-005056921581,CC1CCCCC1C,48125.0
a4e36c3e-c172-11ec-9ebf-005056921581,CCC(C(OC)=O)CC,48125.0
a4e36c3e-c172-11ec-9ebf-005056921581,CC/C=C/CC(C1=CC=CC=C1)CCCC(C2=CC=CC=C2)C/C=C/C,48125.0
acb5f03c-5a77-11ed-89c9-005056921581,CCCCC,18000.0
acb5f03c-5a77-11ed-89c9-005056921581,CCCC(C)CCC,18000.0
acb5f03c-5a77-11ed-89c9-005056921581,CCC(C(OC)=O)CC,18000.0
acb5f03c-5a77-11ed-89c9-005056921581,CCCCCC,18000.0
0f938e64-c64a-11ee-9962-005056921581,CC(C(OCCCC)=O)C(OCCCC)=O,160300.0
0f938e64-c64a-11ee-9962-005056921581,CCCCCCCCC(CCCCCC)CC(C)CCCCCCCC,160300.0
d7ac7d6a-4ec4-11ed-8ba0-005056921581,CCC(C)CCCC,11910.0
d7ac7d6a-4ec4-11ed-8ba0-005056921581,CCC(C)(C)CC,11910.0
d7ac7d6a-4ec4-11ed-8ba0-005056921581,CCCC(C)CCC,11910.0
d7ac7d6a-4ec4-11ed-8ba0-005056921581,CCC(C(OC)=O)CC,11910.0
d7ac7d6a-4ec4-11ed-8ba0-005056921581,CC(C)CCCCC,11910.0
6504b86e-066b-11ed-9716-005056921581,CCCCC,149500.0
6504b86e-066b-11ed-9716-005056921581,CCCC(C)CCC,149500.0
6504b86e-066b-11ed-9716-005056921581,O=C(OC)C(C)(CCC)C,149500.0
6504b86e-066b-11ed-9716-005056921581,CCCCC(C)C,149500.0
d1777f0c-408d-11ed-9f68-005056921581,CCC(C)CCCC,31800.0
d1777f0c-408d-11ed-9f68-005056921581,CCCCC,31800.0
d1777f0c-408d-11ed-9f68-005056921581,CCC(C(OC)=O)CC,31800.0
01eae8bc-1885-11ed-98cd-005056921581,CCC(C)CCCC,65940.0
01eae8bc-1885-11ed-98cd-005056921581,CCC(C)(C)CC,65940.0
01eae8bc-1885-11ed-98cd-005056921581,CCC(C(OC)=O)CC,65940.0
01eae8bc-1885-11ed-98cd-005056921581,CCCCC(C)C,65940.0
489fd34a-2c47-11ee-987e-005056921581,CCCC(C)CCC,7678.0
489fd34a-2c47-11ee-987e-005056921581,CCCCCCC,7678.0
5204ed5c-cc71-11ed-9984-005056921581,CCCC(C)CCC,134750.0
5204ed5c-cc71-11ed-9984-005056921581,CC(C)CCCCC,134750.0
e7e69f08-797f-11ee-9355-005056921581,CCCC(C)CCC,31890.0
e7e69f08-797f-11ee-9355-005056921581,CCC(C(OC)=O)CC,31890.0
e7e69f08-797f-11ee-9355-005056921581,CCCCC(C)C,31890.0
b7751294-6fb9-11ed-97f8-005056921581,CCC(CC(C)OCCCC)Cl,1913.0
b7751294-6fb9-11ed-97f8-005056921581,CCCCCCC,1913.0
b7751294-6fb9-11ed-97f8-005056921581,CC(C(OCCCC)=O)C(OCCCC)=O,1913.0
b7751294-6fb9-11ed-97f8-005056921581,O=C(OC)C(C)(C)CC,1913.0
b7751294-6fb9-11ed-97f8-005056921581,CC(C)CCCCC,1913.0
b7751294-6fb9-11ed-97f8-005056921581,CCCCCCCCC(CCCCC)CCCCCC,1913.0
3feb603e-0f38-11ed-9900-005056921581,CCC(C)CCCC,37605.0
3feb603e-0f38-11ed-9900-005056921581,CCCCC,37605.0
3feb603e-0f38-11ed-9900-005056921581,CCC(C(OC)=O)CC,37605.0
3feb603e-0f38-11ed-9900-005056921581,CC/C=C/CC(C1=CC=CC=C1)CC,37605.0
fb583e86-4de6-11ed-9a6d-005056921581,CCC(C)(C)CC,138400.0
fb583e86-4de6-11ed-9a6d-005056921581,CCCC(C)CCC,138400.0
fb583e86-4de6-11ed-9a6d-005056921581,CCC(C(OC)=O)CC,138400.0
fb583e86-4de6-11ed-9a6d-005056921581,CCCCC(C)C,138400.0
7c66d05c-4ee9-11ed-8ba0-005056921581,CCCCCCC,6147.0
7c66d05c-4ee9-11ed-8ba0-005056921581,CCCCC(C)C,6147.0
7c66d05c-4ee9-11ed-8ba0-005056921581,O=C(OC)C(C)(C)CC,6147.0
7c66d05c-4ee9-11ed-8ba0-005056921581,CC(C)CCCCC,6147.0
83fe2f9c-4ded-11ed-9a6d-005056921581,CCCCCCC,2031.0
83fe2f9c-4ded-11ed-9a6d-005056921581,O=C(OC)C(C)(C)CC,2031.0
83fe2f9c-4ded-11ed-9a6d-005056921581,CC(C)CCCCC,2031.0
83fe2f9c-4ded-11ed-9a6d-005056921581,CCC(C(OC)=O)(CC(C1=CC=CC=C1)CCC)C,2031.0
10290fd4-ab76-11ec-9d4e-005056921581,CCC(C)CCCC,175450.0
10290fd4-ab76-11ec-9d4e-005056921581,CCCCC,175450.0
10290fd4-ab76-11ec-9d4e-005056921581,CCCC(C)CCC,175450.0
10290fd4-ab76-11ec-9d4e-005056921581,CCCCC(C)C,175450.0
10290fd4-ab76-11ec-9d4e-005056921581,O=C(OC)C(C)(C)CC,175450.0
6822ef3c-d773-11ed-8145-005056921581,CCCC(C)CCC,
6822ef3c-d773-11ed-8145-005056921581,CCC(C(OC)=O)CC,
6822ef3c-d773-11ed-8145-005056921581,CCCCC(C)C,
6822ef3c-d773-11ed-8145-005056921581,CC(C)CCCCC,
f4d0214e-5f36-11ed-855c-005056921581,CCC(C)(C)CC,132900.0
f4d0214e-5f36-11ed-855c-005056921581,CCCC(C)CCC,132900.0
f4d0214e-5f36-11ed-855c-005056921581,CCC(C(OC)=O)CC,132900.0
f4d0214e-5f36-11ed-855c-005056921581,CCCCC(C)C,132900.0
f4d0214e-5f36-11ed-855c-005056921581,OC1=CC=C(CCCC)C=C1C(O[Ca]OC(C2=CC(CCCC)=CC=C2O)=O)=O,132900.0
7425ca88-60c8-11ed-82a1-005056921581,CCCCCCC,1472.0
7425ca88-60c8-11ed-82a1-005056921581,O=C(OC)C(C)(C)CC,1472.0
7425ca88-60c8-11ed-82a1-005056921581,CC(C)CCCCC,1472.0
7425ca88-60c8-11ed-82a1-005056921581,CCC(C(OC[CH2](C)CCCCCCC[CH2])=O)C,1472.0
7425ca88-60c8-11ed-82a1-005056921581,CCCCCCCCC(CCCCC)CCCCCC,1472.0
fd96a6a2-b0fb-11ec-9d4e-005056921581,CCC(C)CCCC,134400.0
fd96a6a2-b0fb-11ec-9d4e-005056921581,CCCCC,134400.0
fd96a6a2-b0fb-11ec-9d4e-005056921581,CCCC(C)CCC,134400.0
fd96a6a2-b0fb-11ec-9d4e-005056921581,O=C(OCCCCCCCCCC)CCCCCC1=CC=CC=C1,134400.0
fd96a6a2-b0fb-11ec-9d4e-005056921581,CCCCC(C)C,134400.0
33c2e8d2-c67e-11ee-9e1a-005056921581,CCCCC,13355.0
33c2e8d2-c67e-11ee-9e1a-005056921581,CCCC(C)CCC,13355.0
33c2e8d2-c67e-11ee-9e1a-005056921581,CCCCCC,13355.0
33c2e8d2-c67e-11ee-9e1a-005056921581,CC(C)(CC(C)C1=CC=CC=C1)C(OC)=O,13355.0
d55647bc-2ead-11ed-8c6c-005056921581,CCC(C)CCCC,100280.0
d55647bc-2ead-11ed-8c6c-005056921581,CCCCC,100280.0
d55647bc-2ead-11ed-8c6c-005056921581,CCC(C)CC,100280.0
d55647bc-2ead-11ed-8c6c-005056921581,CCC(C(OC)=O)CC,100280.0
d55647bc-2ead-11ed-8c6c-005056921581,CCCCC(C)C,100280.0
1ab8571c-b4d0-11ec-8ff7-005056921581,CCC(C)CCCC,191250.0
1ab8571c-b4d0-11ec-8ff7-005056921581,CCCCC,191250.0
1ab8571c-b4d0-11ec-8ff7-005056921581,CCCC(C)CCC,191250.0
1ab8571c-b4d0-11ec-8ff7-005056921581,CCCCC(C)C,191250.0
1ab8571c-b4d0-11ec-8ff7-005056921581,CC(C)(C)C(OC)=O,191250.0
bd560c64-83c1-11ee-9333-005056921581,CCCCC,16765.0
bd560c64-83c1-11ee-9333-005056921581,CCCC(C)CCC,16765.0
bd560c64-83c1-11ee-9333-005056921581,CCC(C(OC)=O)CC,16765.0
bd560c64-83c1-11ee-9333-005056921581,CC(C)CCCC,16765.0
446da20e-993e-11ec-9673-005056921581,CCCCC(C(OCC)=O)C(OCC)=O,26690.0
446da20e-993e-11ec-9673-005056921581,O=C(CC)OCCCCCOC,26690.0
446da20e-993e-11ec-9673-005056921581,CCCCCCCCC(C(C(C)C)CCCCCC)CC(C(C)C)CCCCC,26690.0
2861584a-c64a-11ee-9962-005056921581,CC(C(OCCCC)=O)C(OCCCC)=O,145300.0
2861584a-c64a-11ee-9962-005056921581,CCCCCCCCC(CCCCCC)CC(C)CCCCCCCC,145300.0
fe2c1c0a-4f84-11ed-93f9-005056921581,CCC(C)(C)CC,112900.0
fe2c1c0a-4f84-11ed-93f9-005056921581,CCCC(C)CCC,112900.0
fe2c1c0a-4f84-11ed-93f9-005056921581,CCC(C(OC)=O)CC,112900.0
fe2c1c0a-4f84-11ed-93f9-005056921581,CCCCC(C)C,112900.0
fe2c1c0a-4f84-11ed-93f9-005056921581,OC1=C(C(C)(C)C)C=C(CCC(OCC)=O)C=C1C(C)(C)C,112900.0
043e4af2-a2fc-11ee-850f-005056921581,CCCC(C)CCC,18840.0
043e4af2-a2fc-11ee-850f-005056921581,CCC(C(OC)=O)CC,18840.0
043e4af2-a2fc-11ee-850f-005056921581,CC(C)(CC(C)C1=CC=CC=C1)C(OC)=O,18840.0
043e4af2-a2fc-11ee-850f-005056921581,CC(C)(C)CC(C)(C)C,18840.0
043e4af2-a2fc-11ee-850f-005056921581,CCC(C)CCC,18840.0
d6224738-ea53-11ed-9b5d-005056921581,CCCCCC,10845.0
d6224738-ea53-11ed-9b5d-005056921581,CC(C(OCCCC)=O)C(OCCCC)=O,10845.0
d6224738-ea53-11ed-9b5d-005056921581,CCCCCCC(C(C)CCCCCCC)CC(C)CCCCCC,10845.0
875d5aa8-4dea-11ed-9a6d-005056921581,CCC(C)(C)CC,239500.0
875d5aa8-4dea-11ed-9a6d-005056921581,CCCC(C)CCC,239500.0
875d5aa8-4dea-11ed-9a6d-005056921581,CCC(C(OC)=O)CC,239500.0
50ae6644-b260-11ec-8ff7-005056921581,CCC(C)CCCC,134100.0
50ae6644-b260-11ec-8ff7-005056921581,CCCCC,134100.0
50ae6644-b260-11ec-8ff7-005056921581,CCCC(C)CCC,134100.0
50ae6644-b260-11ec-8ff7-005056921581,CCCCC(C)C,134100.0
50ae6644-b260-11ec-8ff7-005056921581,O=C(OC)C(C)(C)CC,134100.0
d7db52b0-a0a9-11ee-8a84-005056921581,CCCC(C)CCC,22375.0
d7db52b0-a0a9-11ee-8a84-005056921581,CCC(C(OC)=O)CC,22375.0
d7db52b0-a0a9-11ee-8a84-005056921581,CC(C)(CC(C)C1=CC=CC=C1)C(OC)=O,22375.0
d7db52b0-a0a9-11ee-8a84-005056921581,CC(C)(C)CC(C)(C)C,22375.0
d7db52b0-a0a9-11ee-8a84-005056921581,CCC(C)CCC,22375.0
66705f4a-2ab5-11ee-8be1-005056921581,CCCC(C)CCC,10800.0
26fee3f4-09e0-11ee-8bcd-005056921581,CCCCC,108200.0
26fee3f4-09e0-11ee-8bcd-005056921581,CCCC(C)CCC,108200.0
26fee3f4-09e0-11ee-8bcd-005056921581,CCC(C(OC)=O)CC,108200.0
26fee3f4-09e0-11ee-8bcd-005056921581,CCCCC(C)C,108200.0
26fee3f4-09e0-11ee-8bcd-005056921581,CC(C)CCCCC,108200.0
26fee3f4-09e0-11ee-8bcd-005056921581,CC(C)(C)CC(C)(C)C,108200.0
1968c796-8eb0-11ee-8345-005056921581,CCCCC,98800.0
1968c796-8eb0-11ee-8345-005056921581,CCCC(C)CCC,98800.0
1968c796-8eb0-11ee-8345-005056921581,CCC(C(OC)=O)CC,98800.0
1968c796-8eb0-11ee-8345-005056921581,CCCCC(C)C,98800.0
1968c796-8eb0-11ee-8345-005056921581,CC(C)(C)CC(C)(C)C,98800.0
7fd5de08-4639-11ed-8278-005056921581,CCC(C)CCCC,93125.0
7fd5de08-4639-11ed-8278-005056921581,CCC(C(OC)=O)CC,93125.0
7fd5de08-4639-11ed-8278-005056921581,CCCCC(C)C,93125.0
fc68e5c8-b25f-11ec-8ff7-005056921581,CCC(C)CCCC,131000.0
fc68e5c8-b25f-11ec-8ff7-005056921581,CCCCC,131000.0
fc68e5c8-b25f-11ec-8ff7-005056921581,CCCC(C)CCC,131000.0
fc68e5c8-b25f-11ec-8ff7-005056921581,CCCCC(C)C,131000.0
fc68e5c8-b25f-11ec-8ff7-005056921581,CC(C)(C)C(OC)=O,131000.0
a29850d2-3feb-11ed-8432-005056921581,CCC(C)CCCC,115700.0
a29850d2-3feb-11ed-8432-005056921581,CCCCC,115700.0
a29850d2-3feb-11ed-8432-005056921581,CCCC(C)CCC,115700.0
a29850d2-3feb-11ed-8432-005056921581,CCC(C(OC)=O)CC,115700.0
a29850d2-3feb-11ed-8432-005056921581,CCCCC(C)C,115700.0
a29850d2-3feb-11ed-8432-005056921581,CC(C)CCCCC,115700.0
808cb8ae-74aa-11ed-8467-005056921581,CCC(C)CCCC,74250.0
808cb8ae-74aa-11ed-8467-005056921581,CCC(C)(C)CC,74250.0
808cb8ae-74aa-11ed-8467-005056921581,O=C(OC)C(C)(CCC)C,74250.0
808cb8ae-74aa-11ed-8467-005056921581,CCCCC(C)C,74250.0
fd893206-5e3a-11ec-803b-005056921581,CCCCC(C(OCC)=O)C(OCC)=O,23500.0
fd893206-5e3a-11ec-803b-005056921581,O=C(CC)OCCCCCOC,23500.0
fd893206-5e3a-11ec-803b-005056921581,CCCCCCCCC(C(C(C)C)CCCCCC)CC(C(C)C)CCCCC,23500.0
36bc3698-84ed-11ed-9343-005056921581,CCCCC,14960.0
36bc3698-84ed-11ed-9343-005056921581,CCCC(C)CCC,14960.0
36bc3698-84ed-11ed-9343-005056921581,CCCCCC,14960.0
a4246106-687e-11ec-8eb2-005056921581,CCC(C)CCCC,117300.0
a4246106-687e-11ec-8eb2-005056921581,CCCCC,117300.0
a4246106-687e-11ec-8eb2-005056921581,O=C(OCCCCCCCCCC)CCCCCC1=CC=CC=C1,117300.0
a4246106-687e-11ec-8eb2-005056921581,CCCCC(C)C,117300.0
96ccc9bc-d538-11ed-9f86-005056921581,CCCC(C)CCC,7680.0
96ccc9bc-d538-11ed-9f86-005056921581,CCC(C)CCC,7680.0
c92d31be-6bc3-11ed-93cd-005056921581,CCCC(C)CCC,125000.0
c92d31be-6bc3-11ed-93cd-005056921581,CCC(C(OC)=O)CC,125000.0
7242eb32-81f8-11ed-9fa7-005056921581,O=C(OC)C(C)(C)CC,20310.0
7242eb32-81f8-11ed-9fa7-005056921581,CC(C)CCCCC,20310.0
7242eb32-81f8-11ed-9fa7-005056921581,CCCCCCCCC(CCCCC)CCCCCC,20310.0
a3409f28-5f38-11ed-855c-005056921581,CCC(C)(C)CC,126750.0
a3409f28-5f38-11ed-855c-005056921581,CCCC(C)CCC,126750.0
a3409f28-5f38-11ed-855c-005056921581,CCC(C(OC)=O)CC,126750.0
a3409f28-5f38-11ed-855c-005056921581,O=C1CC(B(C(C)(C)C)C(C)(C)C)C(N1CCNCCN2C(CC(B(C(C)(C)C)C(C)(C)C)C2=O)=O)=O,126750.0
a3409f28-5f38-11ed-855c-005056921581,CCCCC(C)C,126750.0
a3409f28-5f38-11ed-855c-005056921581,CCCCCCCCN(C1=CC=CC=C1)C2=CC=CC=C2CCCC,126750.0
a3409f28-5f38-11ed-855c-005056921581,OC1=CC=C(CCCC)C=C1C(O[Ca]OC(C2=CC(CCCC)=CC=C2O)=O)=O,126750.0
0b8931aa-1ff3-11ee-8a17-005056921581,CCCCC,172500.0
0b8931aa-1ff3-11ee-8a17-005056921581,CCCC(C)CCC,172500.0
0b8931aa-1ff3-11ee-8a17-005056921581,CCC(C(OC)=O)CC,172500.0
0b8931aa-1ff3-11ee-8a17-005056921581,CCCCC(C)C,172500.0
0b8931aa-1ff3-11ee-8a17-005056921581,CC(C)(C)CC(C)(C)C,172500.0
1b65beb4-18aa-11ed-98cd-005056921581,CCCCC,15040.0
1b65beb4-18aa-11ed-98cd-005056921581,CCCC(C)CCC,15040.0
1b65beb4-18aa-11ed-98cd-005056921581,CCCCCC,15040.0
4ce12fe0-9d85-11ed-9fac-005056921581,CCCCC,91460.0
4ce12fe0-9d85-11ed-9fac-005056921581,CCCC(C)CCC,91460.0
4ce12fe0-9d85-11ed-9fac-005056921581,CCC(C(OC)=O)CC,91460.0
4ce12fe0-9d85-11ed-9fac-005056921581,CCCCC(C)C,91460.0
4ce12fe0-9d85-11ed-9fac-005056921581,CC(C)CCCCC,91460.0
4ce12fe0-9d85-11ed-9fac-005056921581,CC(C)(C)CC(C)(C)C,91460.0
725a41d4-3350-11ed-9685-005056921581,CCC(C)CCCC,22005.0
725a41d4-3350-11ed-9685-005056921581,CCC(C)(C)CC,22005.0
725a41d4-3350-11ed-9685-005056921581,COC(C(C)(CC)C)=O,22005.0
725a41d4-3350-11ed-9685-005056921581,CCC(C(OC)=O)CC,22005.0
824e8c36-1c8e-11ed-8b6a-005056921581,CCCCC,16800.0
824e8c36-1c8e-11ed-8b6a-005056921581,CCCC(C)CCC,16800.0
824e8c36-1c8e-11ed-8b6a-005056921581,CCCCCC,16800.0
2b7550d8-6330-11ec-8eb2-005056921581,CCC(C)CCCC,20260.0
2b7550d8-6330-11ec-8eb2-005056921581,CCCC(C)CCC,20260.0
23c019b4-f3ad-11ec-8f07-005056921581,CCC(C)CCCC,135050.0
23c019b4-f3ad-11ec-8f07-005056921581,CCCCC,135050.0
23c019b4-f3ad-11ec-8f07-005056921581,CCCC(C)CCC,135050.0
23c019b4-f3ad-11ec-8f07-005056921581,CCC(C(OC)=O)CC,135050.0
23c019b4-f3ad-11ec-8f07-005056921581,CCCCC(C)C,135050.0
23c019b4-f3ad-11ec-8f07-005056921581,CC(C)CCCCC,135050.0
20267768-b5b8-11ec-8ff7-005056921581,CCC(C)CCCC,175350.0
20267768-b5b8-11ec-8ff7-005056921581,CCCCC,175350.0
20267768-b5b8-11ec-8ff7-005056921581,CCCC(C)CCC,175350.0
20267768-b5b8-11ec-8ff7-005056921581,CCCCC(C)C,175350.0
20267768-b5b8-11ec-8ff7-005056921581,CC(C)(C)C(OC)=O,175350.0
bad9d642-5062-11ee-98f7-005056921581,CCCC(C)CCC,9698.0
bad9d642-5062-11ee-98f7-005056921581,CC1=CC2=NNN=C2C=C1.C(CO)N(CCO)CCO,9698.0
bad9d642-5062-11ee-98f7-005056921581,CCCCCCC,9698.0
bad9d642-5062-11ee-98f7-005056921581,O=C(C1=CC=CC=C1)N2N=NC3=C2C=CC=C3,9698.0
56d596b4-543b-11ed-993d-005056921581,CCCC(C)CCC,75960.0
56d596b4-543b-11ed-993d-005056921581,CCC(C(OC)=O)CC,75960.0
56d596b4-543b-11ed-993d-005056921581,CCCCC(C)C,75960.0
8d5a5f02-18af-11ed-98cd-005056921581,CCC(C)CCCC,66240.0
8d5a5f02-18af-11ed-98cd-005056921581,CCC(C)(C)CC,66240.0
8d5a5f02-18af-11ed-98cd-005056921581,O=C(OC)C(C)(CCC)C,66240.0
8d5a5f02-18af-11ed-98cd-005056921581,CCCCC(C)C,66240.0
c8e46754-ab75-11ec-9d4e-005056921581,CCC(C)CCCC,143150.0
c8e46754-ab75-11ec-9d4e-005056921581,CCCCC,143150.0
c8e46754-ab75-11ec-9d4e-005056921581,CCCC(C)CCC,143150.0
c8e46754-ab75-11ec-9d4e-005056921581,CCCCC(C)C,143150.0
c8e46754-ab75-11ec-9d4e-005056921581,O=C(OC)C(C)(C)CC,143150.0
8170f920-5f37-11ed-855c-005056921581,CCC(C)(C)CC,115800.0
8170f920-5f37-11ed-855c-005056921581,CCCC(C)CCC,115800.0
8170f920-5f37-11ed-855c-005056921581,CCC(C(OC)=O)CC,115800.0
8170f920-5f37-11ed-855c-005056921581,CCCCC(C)C,115800.0
8170f920-5f37-11ed-855c-005056921581,COP1(S[Zn]2(SP(OC)(OC)S2)S1)OC,115800.0
34db9128-d864-11ed-9c4c-005056921581,CCCCCC,10950.0
34db9128-d864-11ed-9c4c-005056921581,CC(C(OCCCC)=O)C(OCCCC)=O,10950.0
34db9128-d864-11ed-9c4c-005056921581,CCCCCCC(C(C)CCCCCCC)CC(C)CCCCCC,10950.0
479b34c4-a615-11ee-9529-005056921581,CCCCC,145200.0
479b34c4-a615-11ee-9529-005056921581,CCCC(C)CCC,145200.0
479b34c4-a615-11ee-9529-005056921581,CCC(C(OC)=O)CC,145200.0
479b34c4-a615-11ee-9529-005056921581,CCCCC(C)C,145200.0
479b34c4-a615-11ee-9529-005056921581,CC(C)(C)CC(C)(C)C,145200.0
a71da2be-4871-11ec-9a69-005056921581,CCC(C)CCCC,11810.0
a71da2be-4871-11ec-9a69-005056921581,CCCC(C)CCC,11810.0
a1976ab4-2614-11ee-88f6-005056921581,CCCC(C)CCC,81700.0
a1976ab4-2614-11ee-88f6-005056921581,CCC(C(OC)=O)CC,81700.0
a1976ab4-2614-11ee-88f6-005056921581,CCCCC(C)C,81700.0
2c07da86-dcea-11ed-803e-005056921581,CCCCC,117050.0
2c07da86-dcea-11ed-803e-005056921581,CCCC(C)CCC,117050.0
2c07da86-dcea-11ed-803e-005056921581,CCC(C(OC)=O)CC,117050.0
2c07da86-dcea-11ed-803e-005056921581,CCCCC(C)C,117050.0
2c07da86-dcea-11ed-803e-005056921581,CC(C)CCCCC,117050.0
2c07da86-dcea-11ed-803e-005056921581,CC(C)(C)CC(C)(C)C,117050.0
76dc25ae-0f43-11ee-9c71-005056921581,CCCC(C)CCC,10875.0
76dc25ae-0f43-11ee-9c71-005056921581,CCCCC(C)C,10875.0
76dc25ae-0f43-11ee-9c71-005056921581,CC(C)(C)C(OC)=O,10875.0
76dc25ae-0f43-11ee-9c71-005056921581,CC(C)CCCCC,10875.0
76dc25ae-0f43-11ee-9c71-005056921581,CCCCCCC(C(C)CCCCCCC)CC(C)CCCCCC,10875.0
a23bc75e-c16e-11ed-8ecc-005056921581,CCCC(C)CCC,110800.0
a23bc75e-c16e-11ed-8ecc-005056921581,CCC(C(OC)=O)CC,110800.0
a23bc75e-c16e-11ed-8ecc-005056921581,CCCCC(C)C,110800.0
a23bc75e-c16e-11ed-8ecc-005056921581,CC(C)CCCCC,110800.0
ce7a6cd4-ab6c-11ed-8d81-005056921581,O=S(C1=CC=C([C18H21])C=C1)(O)=O,9119.0
ce7a6cd4-ab6c-11ed-8d81-005056921581,CCCCCC,9119.0
ce7a6cd4-ab6c-11ed-8d81-005056921581,CC(OCCCCOC)=O,9119.0
ce7a6cd4-ab6c-11ed-8d81-005056921581,CCCCCCC(C(C)CCCCCCC)CC(C)CCCCCC,9119.0
f03ab0bc-6168-11ec-803b-005056921581,CCC(C)CCCC,137100.0
f03ab0bc-6168-11ec-803b-005056921581,CCCCC,137100.0
f03ab0bc-6168-11ec-803b-005056921581,O=C(OCCCCCCCCCC)CCCCCC1=CC=CC=C1,137100.0
f03ab0bc-6168-11ec-803b-005056921581,CCCCC(C)C,137100.0
3b787cb2-3fe9-11ed-8432-005056921581,CCCCC,132400.0
3b787cb2-3fe9-11ed-8432-005056921581,CCCC(C)CCC,132400.0
3b787cb2-3fe9-11ed-8432-005056921581,CCC(C(OC)=O)CC,132400.0
3b787cb2-3fe9-11ed-8432-005056921581,CCCCC(C)C,132400.0
b8c62898-802e-11ec-83a1-005056921581,CCC(C)CCCC,12615.0
b8c62898-802e-11ec-83a1-005056921581,CCCC(C)CCC,12615.0
dccd2bda-693e-11ec-83a1-005056921581,CCC(C)CCCC,137700.0
dccd2bda-693e-11ec-83a1-005056921581,CCCCC,137700.0
dccd2bda-693e-11ec-83a1-005056921581,O=C(OCCCCCCCCCC)CCCCCC1=CC=CC=C1,137700.0
dccd2bda-693e-11ec-83a1-005056921581,CCCCC(C)C,137700.0
a602a89e-76eb-11ed-8822-005056921581,CCC(C)CCCC,10230.0
a602a89e-76eb-11ed-8822-005056921581,CCC(C(OC)=O)CC,10230.0
a602a89e-76eb-11ed-8822-005056921581,CCCCCC,10230.0
a602a89e-76eb-11ed-8822-005056921581,CC(C)(CC(C)C1=CC=CC=C1)C(OC)=O,10230.0
5b7e51f2-795f-11ee-9355-005056921581,CCC(C)(C)CC,74465.0
5b7e51f2-795f-11ee-9355-005056921581,CCC(C(OC)=O)CC,74465.0
5b7e51f2-795f-11ee-9355-005056921581,CCCCC(C)C,74465.0
5b7e51f2-795f-11ee-9355-005056921581,CC(C)(C)CC(C)(C)C,74465.0
3fbd6a30-1e1a-11ed-94df-005056921581,CCCCC,12875.0
3fbd6a30-1e1a-11ed-94df-005056921581,CCCC(C)CCC,12875.0
3fbd6a30-1e1a-11ed-94df-005056921581,CCC(C(OC)=O)CC,12875.0
3fbd6a30-1e1a-11ed-94df-005056921581,CCCCCC,12875.0
bfef46c6-b63f-11ec-8ff7-005056921581,CCC(C)CCCC,160050.0
bfef46c6-b63f-11ec-8ff7-005056921581,CCCCC,160050.0
bfef46c6-b63f-11ec-8ff7-005056921581,CCCC(C)CCC,160050.0
bfef46c6-b63f-11ec-8ff7-005056921581,CCCCC(C)C,160050.0
bfef46c6-b63f-11ec-8ff7-005056921581,CC(C)(C)C(OC)=O,160050.0
5e5ae64c-4887-11ed-8f1b-005056921581,CCC(C)CCCC,43140.0
5e5ae64c-4887-11ed-8f1b-005056921581,CCCCC,43140.0
5e5ae64c-4887-11ed-8f1b-005056921581,CCC(C)(C)CC,43140.0
5e5ae64c-4887-11ed-8f1b-005056921581,CCC(C(OC)=O)CC,43140.0
52cc326e-9638-11ed-8975-005056921581,CCCCC,16285.0
52cc326e-9638-11ed-8975-005056921581,CCCCCC,16285.0
52cc326e-9638-11ed-8975-005056921581,CC(C)(C)CC(C)(C)C,16285.0
6c40f04c-76ec-11ed-8822-005056921581,CCC(C)CCCC,12645.0
6c40f04c-76ec-11ed-8822-005056921581,CCC(C(OC)=O)CC,12645.0
6c40f04c-76ec-11ed-8822-005056921581,CCCCCC,12645.0
6c40f04c-76ec-11ed-8822-005056921581,CC(C)(CC(C)C1=CC=CC=C1)C(OC)=O,12645.0
baf85236-543a-11ed-993d-005056921581,CCCC(C)CCC,109000.0
baf85236-543a-11ed-993d-005056921581,CCC(C(OC)=O)CC,109000.0
3d899ecc-0c0a-11ed-9b29-005056921581,CCC(C)CCCC,119100.0
3d899ecc-0c0a-11ed-9b29-005056921581,CCCCC,119100.0
3d899ecc-0c0a-11ed-9b29-005056921581,CCCC(C)CCC,119100.0
3d899ecc-0c0a-11ed-9b29-005056921581,CCC(C(OC)=O)CC,119100.0
3d899ecc-0c0a-11ed-9b29-005056921581,CCCCC(C)C,119100.0
d0b3a678-d1f0-11ed-929c-005056921581,CCCCC,31050.0
d0b3a678-d1f0-11ed-929c-005056921581,CCCC(C)CCC,31050.0
d0b3a678-d1f0-11ed-929c-005056921581,CCC(C(OC)=O)CC,31050.0
d0b3a678-d1f0-11ed-929c-005056921581,CCCCCC,31050.0
d0b3a678-d1f0-11ed-929c-005056921581,CC(C)CCCCC,31050.0
d0b3a678-d1f0-11ed-929c-005056921581,CCC(C(OC[CH2](C)CCCCCCC[CH2])=O)C,31050.0
451cb9f2-a788-11ed-992a-005056921581,CCCCC,117000.0
451cb9f2-a788-11ed-992a-005056921581,CCCC(C)CCC,117000.0
451cb9f2-a788-11ed-992a-005056921581,CCC(C(OC)=O)CC,117000.0
451cb9f2-a788-11ed-992a-005056921581,CCCCC(C)C,117000.0
451cb9f2-a788-11ed-992a-005056921581,CC(C)CCCCC,117000.0
451cb9f2-a788-11ed-992a-005056921581,CC(C)(C)CC(C)(C)C,117000.0
8a086222-0cde-11ed-87b0-005056921581,CCCCC,47850.0
8a086222-0cde-11ed-87b0-005056921581,CCCC(C)CCC,47850.0
8a086222-0cde-11ed-87b0-005056921581,CC/C=C/CC(C1=CC=CC=C1)CC,47850.0
bc72a9f6-b63b-11ec-8ff7-005056921581,CCC(C)CCCC,-43.0
bc72a9f6-b63b-11ec-8ff7-005056921581,CCCCC,-43.0
bc72a9f6-b63b-11ec-8ff7-005056921581,CCCC(C)CCC,-43.0
bc72a9f6-b63b-11ec-8ff7-005056921581,O=C(OCCCCCCCCCC)CCCCCC1=CC=CC=C1,-43.0
bc72a9f6-b63b-11ec-8ff7-005056921581,CCCCC(C)C,-43.0
c7dfa044-b25f-11ec-8ff7-005056921581,CCC(C)CCCC,135800.0
c7dfa044-b25f-11ec-8ff7-005056921581,CCCCC,135800.0
c7dfa044-b25f-11ec-8ff7-005056921581,CCCC(C)CCC,135800.0
c7dfa044-b25f-11ec-8ff7-005056921581,CCCCC(C)C,135800.0
c7dfa044-b25f-11ec-8ff7-005056921581,CC(C)(C)C(OC)=O,135800.0
284f216c-4c48-11ec-8a77-005056921581,CCC(C)CCCC,42900.0
284f216c-4c48-11ec-8a77-005056921581,CCCC(C)CCC,42900.0
284f216c-4c48-11ec-8a77-005056921581,O=C(OCCCCCCCCCC)CCCCCC1=CC=CC=C1,42900.0
284f216c-4c48-11ec-8a77-005056921581,CC(OCCCCOC)=O,42900.0
a237fd80-bc93-11ec-9ebf-005056921581,CCC(C)CCCC,134550.0
a237fd80-bc93-11ec-9ebf-005056921581,CCCCC,134550.0
a237fd80-bc93-11ec-9ebf-005056921581,CCCC(C)CCC,134550.0
a237fd80-bc93-11ec-9ebf-005056921581,CCC(C(OC)=O)CC,134550.0
a237fd80-bc93-11ec-9ebf-005056921581,CCCCC(C)C,134550.0
d2f7962a-8eaf-11ee-8345-005056921581,CCCCC,93510.0
d2f7962a-8eaf-11ee-8345-005056921581,CCCC(C)CCC,93510.0
d2f7962a-8eaf-11ee-8345-005056921581,CCC(C(OC)=O)CC,93510.0
d2f7962a-8eaf-11ee-8345-005056921581,CCCCC(C)C,93510.0
d2f7962a-8eaf-11ee-8345-005056921581,CC(C)(C)CC(C)(C)C,93510.0
7d9e6a92-4b89-11ed-9952-005056921581,CCC(C)CCCC,96855.0
7d9e6a92-4b89-11ed-9952-005056921581,CCC(C(OC)=O)CC,96855.0
7d9e6a92-4b89-11ed-9952-005056921581,CCCCC(C)C,96855.0
9d2d54fa-d832-11ed-9c4c-005056921581,CCCC(C)CCC,13010.0
e654bfce-1e15-11ed-94df-005056921581,CCCCC,14955.0
e654bfce-1e15-11ed-94df-005056921581,CCCC(C)CCC,14955.0
e654bfce-1e15-11ed-94df-005056921581,CCCCCC,14955.0
8a266964-545c-11ed-993d-005056921581,CCC(C)CCCC,16895.0
8a266964-545c-11ed-993d-005056921581,CCC(C)(C)CC,16895.0
8a266964-545c-11ed-993d-005056921581,CCCC(C)CCC,16895.0
8a266964-545c-11ed-993d-005056921581,CCC(C(OC)=O)CC,16895.0
8a266964-545c-11ed-993d-005056921581,CC(C)CCCCC,16895.0
5fdc1966-4dee-11ed-9a6d-005056921581,CCC(C)CCCC,109000.0
5fdc1966-4dee-11ed-9a6d-005056921581,CCC(C(OC)=O)CC,109000.0
5fdc1966-4dee-11ed-9a6d-005056921581,CCCCC(C)C,109000.0
bb277274-5f16-11ec-803b-005056921581,CCC(C)CCCC,120250.0
bb277274-5f16-11ec-803b-005056921581,CCCCC,120250.0
bb277274-5f16-11ec-803b-005056921581,O=C(OCCCCCCCCCC)CCCCCC1=CC=CC=C1,120250.0
bb277274-5f16-11ec-803b-005056921581,CCCCC(C)C,120250.0
324be4ba-53fb-11ec-92cf-005056921581,CCC(C)CCCC,47800.0
324be4ba-53fb-11ec-92cf-005056921581,COC(C(C)(CC)C)=O,47800.0
324be4ba-53fb-11ec-92cf-005056921581,CCCCCCCCC(C(C)CCCCCC)CC(C)CCCCC,47800.0
7850d65e-0f30-11ee-9c71-005056921581,O=S(C1=CC=C([C18H21])C=C1)(O)=O,10995.0
7850d65e-0f30-11ee-9c71-005056921581,CCCCCC,10995.0
7850d65e-0f30-11ee-9c71-005056921581,CC(C(OCCCC)=O)C(OCCCC)=O,10995.0
7850d65e-0f30-11ee-9c71-005056921581,CCCCCCCCC(CCCCCC)CC(C)CCCCCCCC,10995.0
3cc31d94-5e39-11ec-803b-005056921581,CCC(C)CCCC,34400.0
3cc31d94-5e39-11ec-803b-005056921581,COC(C(C)(CC)C)=O,34400.0
3cc31d94-5e39-11ec-803b-005056921581,CCCCCCCCC(C(C(C)C)CCCCCC)CC(C(C)C)CCCCC,34400.0
69260bac-7323-11ee-8b1f-005056921581,CCCCC(C)C,82400.0
69260bac-7323-11ee-8b1f-005056921581,CC(C(OCCCC)=O)C(OCCCC)=O,82400.0
69260bac-7323-11ee-8b1f-005056921581,CCCCCCCCC(CCCCCC)CC(C)CCCCCCCC,82400.0
4140fa2e-1a5a-11ee-9b11-005056921581,CCCCC,168650.0
4140fa2e-1a5a-11ee-9b11-005056921581,CCCC(C)CCC,168650.0
4140fa2e-1a5a-11ee-9b11-005056921581,CCC(C(OC)=O)CC,168650.0
4140fa2e-1a5a-11ee-9b11-005056921581,CCCCC(C)C,168650.0
4140fa2e-1a5a-11ee-9b11-005056921581,CC(C)(C)CC(C)(C)C,168650.0
0109d480-f91d-11ec-96ac-005056921581,CCC(C)CCCC,111400.0
0109d480-f91d-11ec-96ac-005056921581,CCCCC,111400.0
0109d480-f91d-11ec-96ac-005056921581,CCCC(C)CCC,111400.0
0109d480-f91d-11ec-96ac-005056921581,O=C(OC)C(C)(CCC)C,111400.0
0109d480-f91d-11ec-96ac-005056921581,CCCCC(C)C,111400.0
97fdfbae-368f-11ee-87a4-005056921581,CC(C(OCCCC)=O)C(OCCCC)=O,138100.0
97fdfbae-368f-11ee-87a4-005056921581,CCCCCCCCC(CCCCCC)CC(C)CCCCCCCC,138100.0
c3121260-b602-11ee-870b-005056921581,CCC(C)(C)CC,17275.0
c3121260-b602-11ee-870b-005056921581,CCCC(C)CCC,17275.0
c3121260-b602-11ee-870b-005056921581,CCC(C(OC)=O)CC,17275.0
c3121260-b602-11ee-870b-005056921581,CC(C)(CC(C)C1=CC=CC=C1)C(OC)=O,17275.0
67fbcc6a-a788-11ed-992a-005056921581,CCCCC,123600.0
67fbcc6a-a788-11ed-992a-005056921581,CCCC(C)CCC,123600.0
67fbcc6a-a788-11ed-992a-005056921581,CCC(C(OC)=O)CC,123600.0
67fbcc6a-a788-11ed-992a-005056921581,CCCCC(C)C,123600.0
67fbcc6a-a788-11ed-992a-005056921581,CC(C)CCCCC,123600.0
67fbcc6a-a788-11ed-992a-005056921581,CC(C)(C)CC(C)(C)C,123600.0
90ce2756-53fa-11ec-92cf-005056921581,CCC(C)CCCC,29200.0
90ce2756-53fa-11ec-92cf-005056921581,COC(C(C)(CC)C)=O,29200.0
90ce2756-53fa-11ec-92cf-005056921581,CCCCCCCCC(C(C)CCCCCC)CC(C)CCCCC,29200.0
037e9272-e5a9-11ed-8950-005056921581,CCCC(C)CCC,98500.0
037e9272-e5a9-11ed-8950-005056921581,CCC(C(OC)=O)CC,98500.0
037e9272-e5a9-11ed-8950-005056921581,CCCCC(C)C,98500.0
037e9272-e5a9-11ed-8950-005056921581,CC(C)CCCCC,98500.0
5caaa5ae-0e79-11ee-8cc3-005056921581,CCCCC,94715.0
5caaa5ae-0e79-11ee-8cc3-005056921581,CCCC(C)CCC,94715.0
5caaa5ae-0e79-11ee-8cc3-005056921581,CCC(C(OC)=O)CC,94715.0
5caaa5ae-0e79-11ee-8cc3-005056921581,CCCCC(C)C,94715.0
5caaa5ae-0e79-11ee-8cc3-005056921581,CC(C)CCCCC,94715.0
5caaa5ae-0e79-11ee-8cc3-005056921581,CC(C)(C)CC(C)(C)C,94715.0
6096a262-a06f-11ed-9f24-005056921581,CCCC(C)CCC,74975.0
6096a262-a06f-11ed-9f24-005056921581,CCC(C(OC)=O)CC,74975.0
6096a262-a06f-11ed-9f24-005056921581,CCCCC(C)C,74975.0
6096a262-a06f-11ed-9f24-005056921581,CC(C)CCCCC,74975.0
76f1aa9a-09e0-11ee-8bcd-005056921581,CCCCC,108200.0
76f1aa9a-09e0-11ee-8bcd-005056921581,CCCC(C)CCC,108200.0
76f1aa9a-09e0-11ee-8bcd-005056921581,CCC(C(OC)=O)CC,108200.0
76f1aa9a-09e0-11ee-8bcd-005056921581,CCCCC(C)C,108200.0
76f1aa9a-09e0-11ee-8bcd-005056921581,CC(C)CCCCC,108200.0
76f1aa9a-09e0-11ee-8bcd-005056921581,CC(C)(C)CC(C)(C)C,108200.0
69ad76b6-58f6-11ed-8a7d-005056921581,CCCCC,14895.0
69ad76b6-58f6-11ed-8a7d-005056921581,CCCC(C)CCC,14895.0
69ad76b6-58f6-11ed-8a7d-005056921581,CCC(C(OC)=O)CC,14895.0
69ad76b6-58f6-11ed-8a7d-005056921581,CCCCCC,14895.0
69ad76b6-58f6-11ed-8a7d-005056921581,CCC(C(O[CH2](C)CCCCCCCCCCCCCCCCCCC[CH2])=O)C(C(C(O[CH2](C)CCCCCCCCCCCCCCCCC[CH2])=O)C)C,14895.0
12610ab4-ddec-11ed-8992-005056921581,CCC(C(OC)=O)CC,12530.0
12610ab4-ddec-11ed-8992-005056921581,CCCCCC,12530.0
12610ab4-ddec-11ed-8992-005056921581,CC(C(OCCCC)=O)C(OCCCC)=O,12530.0
12610ab4-ddec-11ed-8992-005056921581,CCCCCCC(C(C)CCCCCCC)CC(C)CCCCCC,12530.0
759b4770-a614-11ee-9529-005056921581,CCCCC,109800.0
759b4770-a614-11ee-9529-005056921581,CCCC(C)CCC,109800.0
759b4770-a614-11ee-9529-005056921581,CCC(C(OC)=O)CC,109800.0
759b4770-a614-11ee-9529-005056921581,CCCCC(C)C,109800.0
759b4770-a614-11ee-9529-005056921581,CC(C)(C)CC(C)(C)C,109800.0
662b1f42-4df9-11ec-9cfe-005056921581,CCC(C)CCCC,9364.0
662b1f42-4df9-11ec-9cfe-005056921581,CCCC(C)CCC,9364.0
6da251ec-98c9-11ee-9bd7-005056921581,CCC(C)(C)CC,12265.0
6da251ec-98c9-11ee-9bd7-005056921581,CCCC(C)CCC,12265.0
6da251ec-98c9-11ee-9bd7-005056921581,CCC(C(OC)=O)CC,12265.0
6da251ec-98c9-11ee-9bd7-005056921581,CC(C)(CC(C)C1=CC=CC=C1)C(OC)=O,12265.0
6da251ec-98c9-11ee-9bd7-005056921581,CC(C)(C)CC(C)(C)C,12265.0
6da251ec-98c9-11ee-9bd7-005056921581,CCC(C)CCC,12265.0
e3db8d3a-a614-11ee-9529-005056921581,CCCCC,-41.0
e3db8d3a-a614-11ee-9529-005056921581,CCCC(C)CCC,-41.0
e3db8d3a-a614-11ee-9529-005056921581,CCC(C(OC)=O)CC,-41.0
e3db8d3a-a614-11ee-9529-005056921581,CCCCC(C)C,-41.0
e3db8d3a-a614-11ee-9529-005056921581,CC(C)(C)CC(C)(C)C,-41.0
ce564990-0c06-11ed-9b29-005056921581,CCCCC,202200.0
ce564990-0c06-11ed-9b29-005056921581,CCCC(C)CCC,202200.0
ce564990-0c06-11ed-9b29-005056921581,CCCCCC,202200.0
ce564990-0c06-11ed-9b29-005056921581,CC/C=C/CC(C1=CC=CC=C1)CC,202200.0
01bc9ed0-0f2f-11ed-9900-005056921581,CCCCC,16325.0
01bc9ed0-0f2f-11ed-9900-005056921581,CCCC(C)CCC,16325.0
01bc9ed0-0f2f-11ed-9900-005056921581,CCC(C(OC)=O)CC,16325.0
01bc9ed0-0f2f-11ed-9900-005056921581,CCCCCC,16325.0
fbc44952-0f2d-11ed-9900-005056921581,CCCCC,18175.0
fbc44952-0f2d-11ed-9900-005056921581,CCCC(C)CCC,18175.0
fbc44952-0f2d-11ed-9900-005056921581,CCC(C(OC)=O)CC,18175.0
fbc44952-0f2d-11ed-9900-005056921581,CCCCCC,18175.0
49939d56-3e5c-11ed-8783-005056921581,CCCCC,97300.0
49939d56-3e5c-11ed-8783-005056921581,CCCC(C)CCC,97300.0
49939d56-3e5c-11ed-8783-005056921581,CCC(C(OC)=O)CC,97300.0
49939d56-3e5c-11ed-8783-005056921581,CCCCC(C)C,97300.0
bc433150-fdff-11ed-8421-005056921581,CCCC(C)CCC,6306.0
bc433150-fdff-11ed-8421-005056921581,CC(C)(C)C(OC)=O,6306.0
bc433150-fdff-11ed-8421-005056921581,CC(C)CCCCC,6306.0
bc433150-fdff-11ed-8421-005056921581,CCC(C(OC[CH2](C)CCCCCCC[CH2])=O)C,6306.0
bc433150-fdff-11ed-8421-005056921581,CCCCCCCCC(CCCCCC)CC(C)CCCCCCCC,6306.0
51515564-43ad-11ed-8303-005056921581,CCCCC,18520.0
51515564-43ad-11ed-8303-005056921581,CCCC(C)CCC,18520.0
51515564-43ad-11ed-8303-005056921581,CCC(C(OC)=O)CC,18520.0
51515564-43ad-11ed-8303-005056921581,CCCCCC,18520.0
2c2b05c4-94d7-11ee-8da4-005056921581,CCCC(C)CCC,11570.0
2c2b05c4-94d7-11ee-8da4-005056921581,CCC(C(OC)=O)CC,11570.0
2c2b05c4-94d7-11ee-8da4-005056921581,CCCCCCC,11570.0
2c2b05c4-94d7-11ee-8da4-005056921581,CCCCC(C)C,11570.0
a4bee95c-2177-11ee-97a6-005056921581,CCC(C)(C)CC,94900.0
a4bee95c-2177-11ee-97a6-005056921581,O=C(OC)C(C)(CCC)C,94900.0
a4bee95c-2177-11ee-97a6-005056921581,CCCCC(C)C,94900.0
a4bee95c-2177-11ee-97a6-005056921581,CC(C)CCCCC,94900.0
a4bee95c-2177-11ee-97a6-005056921581,CC(C)(C)CC(C)(C)C,94900.0
ea8eb074-040a-11ed-8557-005056921581,CCCCC,179850.0
ea8eb074-040a-11ed-8557-005056921581,CCCC(C)CCC,179850.0
ea8eb074-040a-11ed-8557-005056921581,O=C(OC)C(C)(CCC)C,179850.0
ea8eb074-040a-11ed-8557-005056921581,CCCCC(C)C,179850.0
77671ffa-3fec-11ed-8432-005056921581,CCCC(C)CCC,28700.0
77671ffa-3fec-11ed-8432-005056921581,CCC(C(OC)=O)CC,28700.0
77671ffa-3fec-11ed-8432-005056921581,CCCCC(C)C,28700.0
77671ffa-3fec-11ed-8432-005056921581,CC(C)(C)C(C)C(CC)C,28700.0
f3bbe0c2-ea55-11ed-9b5d-005056921581,CCCCCC,11040.0
f3bbe0c2-ea55-11ed-9b5d-005056921581,CCCCC(C)C,11040.0
f3bbe0c2-ea55-11ed-9b5d-005056921581,CC(C(OCCCC)=O)C(OCCCC)=O,11040.0
f3bbe0c2-ea55-11ed-9b5d-005056921581,CCCCCCC(C(C)CCCCCCC)CC(C)CCCCCC,11040.0
4a5c9ca8-59da-11ed-89c9-005056921581,CCC(C)(C)CC,15975.0
4a5c9ca8-59da-11ed-89c9-005056921581,CCCC(C)CCC,15975.0
4a5c9ca8-59da-11ed-89c9-005056921581,CCC(C(OC)=O)CC,15975.0
4a5c9ca8-59da-11ed-89c9-005056921581,CCCCCCC,15975.0
4a5c9ca8-59da-11ed-89c9-005056921581,CC(C)CCCCC,15975.0
84bda94a-74b5-11ee-9219-005056921581,CCCC(C)CCC,21480.0
84bda94a-74b5-11ee-9219-005056921581,CCC(C(OC)=O)CC,21480.0
84bda94a-74b5-11ee-9219-005056921581,CCCCC(C)C,21480.0
72f74ce4-9090-11ec-83a1-005056921581,CCC(C)CCCC,29100.0
72f74ce4-9090-11ec-83a1-005056921581,CCCCC(C(OCC)=O)C(OCC)=O,29100.0
72f74ce4-9090-11ec-83a1-005056921581,CCCCC(C)C,29100.0
72f74ce4-9090-11ec-83a1-005056921581,CCCCCCCCC(C(C(C)C)CCCCCC)CC(C(C)C)CCCCC,29100.0
3cb7b4dc-e280-11ed-8477-005056921581,CCC(C(OC)=O)CC,12105.0
3cb7b4dc-e280-11ed-8477-005056921581,CCCCCC,12105.0
3cb7b4dc-e280-11ed-8477-005056921581,CC(C(OCCCC)=O)C(OCCCC)=O,12105.0
3cb7b4dc-e280-11ed-8477-005056921581,CCCCCCC(C(C)CCCCCCC)CC(C)CCCCCC,12105.0
f24f55dc-0e6b-11ed-8e9d-005056921581,CCCCC,61850.0
f24f55dc-0e6b-11ed-8e9d-005056921581,CCC(C)(C)CC,61850.0
f24f55dc-0e6b-11ed-8e9d-005056921581,CCCC(C)CCC,61850.0
f24f55dc-0e6b-11ed-8e9d-005056921581,CC/C=C/CC(C1=CC=CC=C1)CC,61850.0
dc7db574-37e6-11ed-9a4d-005056921581,CCC(C)CCCC,46000.0
dc7db574-37e6-11ed-9a4d-005056921581,CCCCC,46000.0
dc7db574-37e6-11ed-9a4d-005056921581,CCC(C)(C)CC,46000.0
dc7db574-37e6-11ed-9a4d-005056921581,COC(C(C)(CC)C)=O,46000.0
dc7db574-37e6-11ed-9a4d-005056921581,CCC(C(OC)=O)CC,46000.0
17ba5c8c-8512-11ed-9343-005056921581,O=C(OC)C(C)(C)CC,2470.0
17ba5c8c-8512-11ed-9343-005056921581,CC(C)CCCCC,2470.0
17ba5c8c-8512-11ed-9343-005056921581,CCCCCCCCC(CCCCC)CCCCCC,2470.0
17ba5c8c-8512-11ed-9343-005056921581,CCCCCCC(C(C(C)C)CCCCCC)CC(C(C)C)CCCCC,2470.0
bcdd722c-c679-11ee-9e1a-005056921581,CCCCC,71475.0
bcdd722c-c679-11ee-9e1a-005056921581,CCCC(C)CCC,71475.0
bcdd722c-c679-11ee-9e1a-005056921581,CCC(C(OC)=O)CC,71475.0
bcdd722c-c679-11ee-9e1a-005056921581,CCC(CC(C)OCCCC)Cl,71475.0
bcdd722c-c679-11ee-9e1a-005056921581,CC(C)(C)CC(C)(C)C,71475.0
7ea56ca8-c323-11ed-9f4e-005056921581,CCCCC,136400.0
7ea56ca8-c323-11ed-9f4e-005056921581,CCCC(C)CCC,136400.0
7ea56ca8-c323-11ed-9f4e-005056921581,CCC(C(OC)=O)CC,136400.0
7ea56ca8-c323-11ed-9f4e-005056921581,CCCCC(C)C,136400.0
7ea56ca8-c323-11ed-9f4e-005056921581,CC(C)CCCCC,136400.0
7ea56ca8-c323-11ed-9f4e-005056921581,CC(C)(C)CC(C)(C)C,136400.0
bb65c6ae-3b21-11ed-82cb-005056921581,CCC(C)CCCC,93125.0
bb65c6ae-3b21-11ed-82cb-005056921581,CCC(C(OC)=O)CC,93125.0
bb65c6ae-3b21-11ed-82cb-005056921581,CCCCC(C)C,93125.0
854481d4-b640-11ec-8ff7-005056921581,CCC(C)CCCC,161300.0
854481d4-b640-11ec-8ff7-005056921581,CCCCC,161300.0
854481d4-b640-11ec-8ff7-005056921581,CCCC(C)CCC,161300.0
854481d4-b640-11ec-8ff7-005056921581,CCCCC(C)C,161300.0
854481d4-b640-11ec-8ff7-005056921581,CC(C)(C)C(OC)=O,161300.0
74f34794-552c-11ed-890d-005056921581,CCCCCCC,3711.0
74f34794-552c-11ed-890d-005056921581,CCCCC(C)C,3711.0
74f34794-552c-11ed-890d-005056921581,O=C(OC)C(C)(C)CC,3711.0
74f34794-552c-11ed-890d-005056921581,CC(C)CCCCC,3711.0
520a8cd4-d47d-11ee-81cf-005056921581,CCC(C(OC)=O)CC,19200.0
520a8cd4-d47d-11ee-81cf-005056921581,CCCCCCC,19200.0
520a8cd4-d47d-11ee-81cf-005056921581,CC(C)(CC(C)C1=CC=CC=C1)C(OC)=O,19200.0
520a8cd4-d47d-11ee-81cf-005056921581,CC(C)(C)CC(C)(C)C,19200.0
0da59288-2b80-11ee-8b54-005056921581,CCCC(C)CCC,76188.0
0da59288-2b80-11ee-8b54-005056921581,CCCCC(C)C,76188.0
a48a83a4-76ed-11ed-8822-005056921581,CCCCC,20150.0
a48a83a4-76ed-11ed-8822-005056921581,CCCC(C)CCC,20150.0
a48a83a4-76ed-11ed-8822-005056921581,CCC(C(OC)=O)CC,20150.0
a48a83a4-76ed-11ed-8822-005056921581,CC(C)(CC(C)C1=CC=CC=C1)C(OC)=O,20150.0
cc7e63a8-040b-11ed-8557-005056921581,CCCCC,243600.0
cc7e63a8-040b-11ed-8557-005056921581,CCCC(C)CCC,243600.0
cc7e63a8-040b-11ed-8557-005056921581,O=C(OC)C(C)(CCC)C,243600.0
cc7e63a8-040b-11ed-8557-005056921581,CCCCC(C)C,243600.0
425eb6da-98b9-11ed-8fc0-005056921581,CCCCC,17850.0
425eb6da-98b9-11ed-8fc0-005056921581,CCCC(C)CCC,17850.0
425eb6da-98b9-11ed-8fc0-005056921581,CCC(C(OC)=O)CC,17850.0
425eb6da-98b9-11ed-8fc0-005056921581,COC(C(CCC)(CCCC)CCC)=O,17850.0
b62f4c86-c0cd-11ee-8fe1-005056921581,CCCCC,30080.0
b62f4c86-c0cd-11ee-8fe1-005056921581,CCC(C(OC)=O)CC,30080.0
b62f4c86-c0cd-11ee-8fe1-005056921581,CC(C)CCCCC,30080.0
b62f4c86-c0cd-11ee-8fe1-005056921581,CC(C)(CC(C)C1=CC=CC=C1)C(OC)=O,30080.0
b62f4c86-c0cd-11ee-8fe1-005056921581,CC(C)(C)CC(C)(C)C,30080.0
cb9c3156-3b22-11ed-82cb-005056921581,CCC(C)CCCC,96855.0
cb9c3156-3b22-11ed-82cb-005056921581,CCC(C(OC)=O)CC,96855.0
cb9c3156-3b22-11ed-82cb-005056921581,CCCCC(C)C,96855.0
cbdd05a0-a4ff-11ec-9673-005056921581,CCC(C)CCCC,136500.0
cbdd05a0-a4ff-11ec-9673-005056921581,CCCCC,136500.0
cbdd05a0-a4ff-11ec-9673-005056921581,CCCC(C)CCC,136500.0
cbdd05a0-a4ff-11ec-9673-005056921581,O=C(OCCCCCCCCCC)CCCCCC1=CC=CC=C1,136500.0
cbdd05a0-a4ff-11ec-9673-005056921581,CCCCC(C)C,136500.0
8248177e-dcec-11ed-803e-005056921581,CCCCCC,11630.0
8248177e-dcec-11ed-803e-005056921581,CC(C(OCCCC)=O)C(OCCCC)=O,11630.0
8248177e-dcec-11ed-803e-005056921581,CCCCCCC(C(C)CCCCCCC)CC(C)CCCCCC,11630.0
8248177e-dcec-11ed-803e-005056921581,CCCCCCC(CCCCCCCC)CCCCCCCC,11630.0
3b3af9b4-568c-11ed-8e55-005056921581,CCCC(C)CCC,115250.0
3b3af9b4-568c-11ed-8e55-005056921581,CCC(C(OC)=O)CC,115250.0
4450bae6-802e-11ec-83a1-005056921581,CCC(C)CCCC,12725.0
4450bae6-802e-11ec-83a1-005056921581,CCCC(C)CCC,12725.0
85d89156-9bb6-11ed-8228-005056921581,CCCC(C)CCC,8674.0
8eb5c4a6-a8e6-11ec-9d4e-005056921581,CCC(C)CCCC,235650.0
8eb5c4a6-a8e6-11ec-9d4e-005056921581,CCCCC,235650.0
8eb5c4a6-a8e6-11ec-9d4e-005056921581,CCCC(C)CCC,235650.0
8eb5c4a6-a8e6-11ec-9d4e-005056921581,CCCCC(C)C,235650.0
8eb5c4a6-a8e6-11ec-9d4e-005056921581,CC(C)(C)C(OC)=O,235650.0
735ba244-c720-11ed-863f-005056921581,CCCCC,131750.0
735ba244-c720-11ed-863f-005056921581,CCCC(C)CCC,131750.0
735ba244-c720-11ed-863f-005056921581,CCC(C(OC)=O)CC,131750.0
735ba244-c720-11ed-863f-005056921581,CCCCC(C)C,131750.0
735ba244-c720-11ed-863f-005056921581,CC(C)CCCCC,131750.0
735ba244-c720-11ed-863f-005056921581,CC(C)(C)CC(C)(C)C,131750.0
f2e31c9a-8071-11ed-990b-005056921581,CCCC(C)CCC,6716.0
f2e31c9a-8071-11ed-990b-005056921581,CCCCCCC,6716.0
f2e31c9a-8071-11ed-990b-005056921581,CC(C)(C)C(OC)=O,6716.0
f2e31c9a-8071-11ed-990b-005056921581,CC(C)CCCCC,6716.0
f2e31c9a-8071-11ed-990b-005056921581,CCC(C(OC[CH2](C)CCCCCCC[CH2])=O)C,6716.0
f2e31c9a-8071-11ed-990b-005056921581,CCCC/C=C\C(CCCCCCC)=C\C(CCCCC)C,6716.0
4bb0ec42-0e73-11ed-8e9d-005056921581,CCC(C)(C)CC,44290.0
4bb0ec42-0e73-11ed-8e9d-005056921581,CCCC(C)CCC,44290.0
4bb0ec42-0e73-11ed-8e9d-005056921581,COC(C(C)(CC)C)=O,44290.0
b16c64d8-c418-11ee-97fb-005056921581,CCC(C(OC)=O)CC,11205.0
b16c64d8-c418-11ee-97fb-005056921581,CC(C)(CC(C)C1=CC=CC=C1)C(OC)=O,11205.0
b16c64d8-c418-11ee-97fb-005056921581,CC(C)(C)CC(C)(C)C,11205.0
b16c64d8-c418-11ee-97fb-005056921581,CCC(C)CCC,11205.0
bc235106-2144-11ee-8516-005056921581,CCCC(C)CCC,107700.0
bc235106-2144-11ee-8516-005056921581,CCCCC(C)C,107700.0
bc235106-2144-11ee-8516-005056921581,CC(C)CCCCC,107700.0
bc235106-2144-11ee-8516-005056921581,CC(CCC1=CC=C(C(C)(C)C)C=C1)C2=CC=C(C(C)(C)C)C=C2,107700.0
205e7992-e280-11ed-8477-005056921581,CCC(C(OC)=O)CC,11700.0
205e7992-e280-11ed-8477-005056921581,CCCCCC,11700.0
205e7992-e280-11ed-8477-005056921581,CC(C(OCCCC)=O)C(OCCCC)=O,11700.0
205e7992-e280-11ed-8477-005056921581,CCCCCCC(C(C)CCCCCCC)CC(C)CCCCCC,11700.0
8ccacaa0-2221-11ee-97a6-005056921581,CCCC(C)CCC,100000.0
8ccacaa0-2221-11ee-97a6-005056921581,CCCCC(C)C,100000.0
ccc88712-c7c4-11ed-9659-005056921581,CCCC(C)CCC,167500.0
ccc88712-c7c4-11ed-9659-005056921581,CCC(C(OC)=O)CC,167500.0
ccc88712-c7c4-11ed-9659-005056921581,CC(C)CCCCC,167500.0
b3320eda-c7c0-11ed-9659-005056921581,CCCC(C)CCC,16460.0
ac37cb5a-fe9a-11ec-8ee8-005056921581,CCCC(C)CCC,97700.0
ac37cb5a-fe9a-11ec-8ee8-005056921581,O=C(OC)C(C)(CCC)C,97700.0
ac37cb5a-fe9a-11ec-8ee8-005056921581,CCCCCCCCC(CC(CCCCCC)CCCCCCC)CCCCCCCCC,97700.0
1036b13a-cc76-11ed-9984-005056921581,CCCC(C)CCC,138500.0
1036b13a-cc76-11ed-9984-005056921581,CC(C)CCCCC,138500.0
a1f2239c-8eaf-11ee-8345-005056921581,CCCCC,96630.0
a1f2239c-8eaf-11ee-8345-005056921581,CCCC(C)CCC,96630.0
a1f2239c-8eaf-11ee-8345-005056921581,CCC(C(OC)=O)CC,96630.0
a1f2239c-8eaf-11ee-8345-005056921581,CCCCC(C)C,96630.0
a1f2239c-8eaf-11ee-8345-005056921581,CC(C)(C)CC(C)(C)C,96630.0
68515fd2-9634-11ed-8975-005056921581,CCCC(C)CCC,9180.0
68515fd2-9634-11ed-8975-005056921581,CCCCCCC,9180.0
ae830b02-5086-11ed-8429-005056921581,CCCC(C)CCC,12915.0
ae830b02-5086-11ed-8429-005056921581,CCC(C(OC)=O)CC,12915.0
ae830b02-5086-11ed-8429-005056921581,CCCCCC,12915.0
ae830b02-5086-11ed-8429-005056921581,CCCCCCC,12915.0
0e4dc594-4548-11ed-95be-005056921581,CCC(C)CCCC,37200.0
0e4dc594-4548-11ed-95be-005056921581,CCCCC,37200.0
0e4dc594-4548-11ed-95be-005056921581,CCC(C)(C)CC,37200.0
0e4dc594-4548-11ed-95be-005056921581,CCC(C(OC)=O)CC,37200.0
95c626b8-b260-11ec-8ff7-005056921581,CCC(C)CCCC,151000.0
95c626b8-b260-11ec-8ff7-005056921581,CCCCC,151000.0
95c626b8-b260-11ec-8ff7-005056921581,CCCC(C)CCC,151000.0
95c626b8-b260-11ec-8ff7-005056921581,CCCCC(C)C,151000.0
95c626b8-b260-11ec-8ff7-005056921581,O=C(OC)C(C)(C)CC,151000.0
524442e2-0cd5-11ed-87b0-005056921581,CCCC(C)CCC,464600.0
524442e2-0cd5-11ed-87b0-005056921581,CC/C=C/CC(C1=CC=CC=C1)CC,464600.0
40146fb6-7250-11ee-82d1-005056921581,CCCC(C)CCC,29610.0
40146fb6-7250-11ee-82d1-005056921581,CCC(C(OC)=O)CC,29610.0
40146fb6-7250-11ee-82d1-005056921581,CCCCC(C)C,29610.0
e5540900-b186-11ec-9d4e-005056921581,CCC(C)CCCC,115800.0
e5540900-b186-11ec-9d4e-005056921581,CCCCC,115800.0
e5540900-b186-11ec-9d4e-005056921581,CCCC(C)CCC,115800.0
e5540900-b186-11ec-9d4e-005056921581,O=C(OCCCCCCCCCC)CCCCCC1=CC=CC=C1,115800.0
e5540900-b186-11ec-9d4e-005056921581,CCCCC(C)C,115800.0
a5188788-ca4a-11ee-94c1-005056921581,CCC(C(OC)=O)CC,94565.0
a5188788-ca4a-11ee-94c1-005056921581,CCCCC(C)C,94565.0
a5188788-ca4a-11ee-94c1-005056921581,CC(C(OCCCC)=O)C(OCCCC)=O,94565.0
a5188788-ca4a-11ee-94c1-005056921581,CCCCCCCCC(CCCCCC)CC(C)CCCCCCCC,94565.0
d71afc64-797f-11ee-9355-005056921581,CCCC(C)CCC,13025.0
d71afc64-797f-11ee-9355-005056921581,CCC(C(OC)=O)CC,13025.0
d71afc64-797f-11ee-9355-005056921581,CCCCC(C)C,13025.0
dd08d5ee-4dff-11ed-9a6d-005056921581,CCCCC,16775.0
dd08d5ee-4dff-11ed-9a6d-005056921581,CCCC(C)CCC,16775.0
dd08d5ee-4dff-11ed-9a6d-005056921581,CCC(C(OC)=O)CC,16775.0
dd08d5ee-4dff-11ed-9a6d-005056921581,CC1=CC2=NNN=C2C=C1.C(CO)N(CCO)CCO,16775.0
dd08d5ee-4dff-11ed-9a6d-005056921581,CCCCCC,16775.0
77a82e46-0e6e-11ed-8e9d-005056921581,CCC(C)CCCC,52990.0
77a82e46-0e6e-11ed-8e9d-005056921581,CCCCC,52990.0
77a82e46-0e6e-11ed-8e9d-005056921581,CCC(C)(C)CC,52990.0
77a82e46-0e6e-11ed-8e9d-005056921581,CC/C=C/CC(C1=CC=CC=C1)CC,52990.0
bf71ab8a-6bed-11ed-87f9-005056921581,CCCCCCC,1936.0
bf71ab8a-6bed-11ed-87f9-005056921581,O=C(OC)C(C)(C)CC,1936.0
bf71ab8a-6bed-11ed-87f9-005056921581,CC(C)CCCCC,1936.0
bf71ab8a-6bed-11ed-87f9-005056921581,CCC(C(OC[CH2](C)CCCCCCC[CH2])=O)C,1936.0
bf71ab8a-6bed-11ed-87f9-005056921581,CCCC/C=C\C(CCCCCCC)=C\C(CCCCC)C,1936.0
bf71ab8a-6bed-11ed-87f9-005056921581,CCCCCCCCC(CCCCC)CCCCCC,1936.0
be6d58fc-a076-11ed-9f24-005056921581,CCCCC,13800.0
be6d58fc-a076-11ed-9f24-005056921581,CCCC(C)CCC,13800.0
be6d58fc-a076-11ed-9f24-005056921581,CCC(C(OC)=O)CC,13800.0
be6d58fc-a076-11ed-9f24-005056921581,CCCCCC,13800.0
be6d58fc-a076-11ed-9f24-005056921581,CC(C)(CC(C)C1=CC=CC=C1)C(OC)=O,13800.0
2b9cde50-381e-11ed-9a4d-005056921581,CCC(C)CCCC,80575.0
2b9cde50-381e-11ed-9a4d-005056921581,CCC(C(OC)=O)CC,80575.0
2b9cde50-381e-11ed-9a4d-005056921581,CCCCC(C)C,80575.0
b0bbed02-a06e-11ed-9f24-005056921581,CCCC(C)CCC,84000.0
b0bbed02-a06e-11ed-9f24-005056921581,CCC(C(OC)=O)CC,84000.0
b0bbed02-a06e-11ed-9f24-005056921581,CCCCC(C)C,84000.0
b0bbed02-a06e-11ed-9f24-005056921581,CC(C)CCCCC,84000.0
8fff8c66-ddc9-11ed-8992-005056921581,CCCCCC,26440.0
8fff8c66-ddc9-11ed-8992-005056921581,CC(C)CCCCC,26440.0
8fff8c66-ddc9-11ed-8992-005056921581,CCC(C(OC[CH2](C)CCCCCCC[CH2])=O)C,26440.0
8fff8c66-ddc9-11ed-8992-005056921581,CC(C)(C)CC(C)(C)C,26440.0
8fff8c66-ddc9-11ed-8992-005056921581,CCCC(C)C,26440.0
215a061a-c7bc-11ed-9659-005056921581,CCCCC,144500.0
215a061a-c7bc-11ed-9659-005056921581,CCCC(C)CCC,144500.0
215a061a-c7bc-11ed-9659-005056921581,CCC(C(OC)=O)CC,144500.0
215a061a-c7bc-11ed-9659-005056921581,CCCCC(C)C,144500.0
215a061a-c7bc-11ed-9659-005056921581,CC(C)CCCCC,144500.0
215a061a-c7bc-11ed-9659-005056921581,CC(C)(C)CC(C)(C)C,144500.0
6cfb8b3c-13c8-11ed-94cf-005056921581,CCC(C)CCCC,16395.0
6cfb8b3c-13c8-11ed-94cf-005056921581,CCC(C)(C)CC,16395.0
6cfb8b3c-13c8-11ed-94cf-005056921581,CCCC(C)CCC,16395.0
6cfb8b3c-13c8-11ed-94cf-005056921581,COC(C(C)(CC)C)=O,16395.0
6cfb8b3c-13c8-11ed-94cf-005056921581,CCC(C(OC)=O)CC,16395.0
f8251050-7260-11ee-82d1-005056921581,CCC(C)(C)CC,69975.0
f8251050-7260-11ee-82d1-005056921581,CCC(C(OC)=O)CC,69975.0
f8251050-7260-11ee-82d1-005056921581,CCCCC(C)C,69975.0
f8251050-7260-11ee-82d1-005056921581,CC(C)(C)CC(C)(C)C,69975.0
d0a979c4-e8dd-11ed-937b-005056921581,CCCC(C)CCC,124500.0
d0a979c4-e8dd-11ed-937b-005056921581,CCC(C(OC)=O)CC,124500.0
d0a979c4-e8dd-11ed-937b-005056921581,CCCCC(C)C,124500.0
d0a979c4-e8dd-11ed-937b-005056921581,CC(C)CCCCC,124500.0
cb95c1b4-5912-11ed-8a7d-005056921581,CCC(C)CCCC,16895.0
cb95c1b4-5912-11ed-8a7d-005056921581,CCC(C)(C)CC,16895.0
cb95c1b4-5912-11ed-8a7d-005056921581,CCCC(C)CCC,16895.0
cb95c1b4-5912-11ed-8a7d-005056921581,CCC(C(OC)=O)CC,16895.0
cb95c1b4-5912-11ed-8a7d-005056921581,CC(C)CCCCC,16895.0
5508efd4-74b5-11ee-9219-005056921581,CCCC(C)CCC,19825.0
5508efd4-74b5-11ee-9219-005056921581,CCC(C(OC)=O)CC,19825.0
5508efd4-74b5-11ee-9219-005056921581,CCCCC(C)C,19825.0
361f42ea-c7bc-11ed-9659-005056921581,CCCCC,142150.0
361f42ea-c7bc-11ed-9659-005056921581,CCCC(C)CCC,142150.0
361f42ea-c7bc-11ed-9659-005056921581,CCC(C(OC)=O)CC,142150.0
361f42ea-c7bc-11ed-9659-005056921581,CCCCC(C)C,142150.0
361f42ea-c7bc-11ed-9659-005056921581,CC(C)CCCCC,142150.0
361f42ea-c7bc-11ed-9659-005056921581,CC(C)(C)CC(C)(C)C,142150.0
76064f6a-63dc-11ec-8eb2-005056921581,CCC(C)CCCC,167200.0
76064f6a-63dc-11ec-8eb2-005056921581,CCCCC,167200.0
76064f6a-63dc-11ec-8eb2-005056921581,O=C(OCCCCCCCCCC)CCCCCC1=CC=CC=C1,167200.0
76064f6a-63dc-11ec-8eb2-005056921581,CCCCC(C)C,167200.0
03f8d734-5441-11ed-993d-005056921581,CCCC(C)CCC,14435.0
03f8d734-5441-11ed-993d-005056921581,CCC(C(OC)=O)CC,14435.0
03f8d734-5441-11ed-993d-005056921581,CC1=CC2=NNN=C2C=C1.C(CO)N(CCO)CCO,14435.0
03f8d734-5441-11ed-993d-005056921581,CCCCCC,14435.0
03f8d734-5441-11ed-993d-005056921581,CCCCCCC,14435.0
2307f0c2-0353-11ed-846b-005056921581,CCCCC,15495.0
2307f0c2-0353-11ed-846b-005056921581,CCCC(C)CCC,15495.0
2307f0c2-0353-11ed-846b-005056921581,CCCCCC,15495.0
e78f2952-993f-11ec-9673-005056921581,CCC(C)CCCC,29100.0
e78f2952-993f-11ec-9673-005056921581,CCCCC(C(OCC)=O)C(OCC)=O,29100.0
e78f2952-993f-11ec-9673-005056921581,CCCCC(C)C,29100.0
e78f2952-993f-11ec-9673-005056921581,CCCCCCCCC(C(C(C)C)CCCCCC)CC(C(C)C)CCCCC,29100.0
e29b2894-d47d-11ee-81cf-005056921581,CCC(C(OC)=O)CC,20400.0
e29b2894-d47d-11ee-81cf-005056921581,CCCCCCC,20400.0
e29b2894-d47d-11ee-81cf-005056921581,CC(C)(CC(C)C1=CC=CC=C1)C(OC)=O,20400.0
e29b2894-d47d-11ee-81cf-005056921581,CC(C)(C)CC(C)(C)C,20400.0
5ca7ab54-3135-11ee-9f2d-005056921581,CCCCC,25475.0
5ca7ab54-3135-11ee-9f2d-005056921581,CCC(C(OC)=O)CC,25475.0
5ca7ab54-3135-11ee-9f2d-005056921581,CCCCCC,25475.0
5ca7ab54-3135-11ee-9f2d-005056921581,CC(C)CCCCC,25475.0
5ca7ab54-3135-11ee-9f2d-005056921581,CCC(C(OC[CH2](C)CCCCCCC[CH2])=O)C,25475.0
5ca7ab54-3135-11ee-9f2d-005056921581,CC(C)(C)CC(C)(C)C,25475.0
b9312d7e-828e-11ed-9fa7-005056921581,CCCCC,15570.0
b9312d7e-828e-11ed-9fa7-005056921581,CCCC(C)CCC,15570.0
b9312d7e-828e-11ed-9fa7-005056921581,CCC(C(OC)=O)CC,15570.0
b9312d7e-828e-11ed-9fa7-005056921581,CCCCCC,15570.0
b9312d7e-828e-11ed-9fa7-005056921581,COC(C(CCC)(CCCC)CCC)=O,15570.0
dde439e0-1263-11ed-8f47-005056921581,CCC(C)CCCC,46575.0
dde439e0-1263-11ed-8f47-005056921581,CCCCC,46575.0
dde439e0-1263-11ed-8f47-005056921581,CCC(C(OC)=O)CC,46575.0
dde439e0-1263-11ed-8f47-005056921581,CC/C=C/CC(C1=CC=CC=C1)CC,46575.0
7de67266-b4ac-11ec-8ff7-005056921581,CCC(C)CCCC,143950.0
7de67266-b4ac-11ec-8ff7-005056921581,CCCCCC,143950.0
7de67266-b4ac-11ec-8ff7-005056921581,O=C(OCCCCCCCCCC)CCCCCC1=CC=CC=C1,143950.0
7de67266-b4ac-11ec-8ff7-005056921581,C=C(C)C,143950.0
42d006e8-8332-11ec-83a1-005056921581,CCC(C)CCCC,12340.0
42d006e8-8332-11ec-83a1-005056921581,CCCC(C)CCC,12340.0
f9a8223a-0cf1-11ed-87b0-005056921581,CCCCC,18195.0
f9a8223a-0cf1-11ed-87b0-005056921581,CCCC(C)CCC,18195.0
f9a8223a-0cf1-11ed-87b0-005056921581,CCC(C(OC)=O)CC,18195.0
f9a8223a-0cf1-11ed-87b0-005056921581,CCCCCC,18195.0
94d31e5a-d46f-11ed-9883-005056921581,CCC(C)(C)CC,10562.0
94d31e5a-d46f-11ed-9883-005056921581,CCCC(C)CCC,10562.0
1e2dc4d2-f0a1-11ed-80ae-005056921581,CCCC(C)CCC,5350.0
1e2dc4d2-f0a1-11ed-80ae-005056921581,CCCCCCC,5350.0
1e2dc4d2-f0a1-11ed-80ae-005056921581,CC(C)(C)C(OC)=O,5350.0
1e2dc4d2-f0a1-11ed-80ae-005056921581,CC(C)CCCCC,5350.0
1e2dc4d2-f0a1-11ed-80ae-005056921581,CCC(C(OC[CH2](C)CCCCCCC[CH2])=O)C,5350.0
1e2dc4d2-f0a1-11ed-80ae-005056921581,CCCCCCCCC(CCCCCC)CC(C)CCCCCCCC,5350.0
6d554e0a-119e-11ed-9048-005056921581,CCCCC,19145.0
6d554e0a-119e-11ed-9048-005056921581,CCCC(C)CCC,19145.0
6d554e0a-119e-11ed-9048-005056921581,CCC(C(OC)=O)CC,19145.0
6d554e0a-119e-11ed-9048-005056921581,CCCCCC,19145.0
1a5a254e-1fb4-11ed-9457-005056921581,CCCCC,15740.0
1a5a254e-1fb4-11ed-9457-005056921581,CCCC(C)CCC,15740.0
1a5a254e-1fb4-11ed-9457-005056921581,CCC(C(OC)=O)CC,15740.0
1a5a254e-1fb4-11ed-9457-005056921581,CCCCCC,15740.0
6df82e8e-2abd-11ee-8be1-005056921581,CCCCC,141600.0
6df82e8e-2abd-11ee-8be1-005056921581,CCCC(C)CCC,141600.0
6df82e8e-2abd-11ee-8be1-005056921581,CCCCC(C)C,141600.0
6df82e8e-2abd-11ee-8be1-005056921581,CC(C)(C)CC(C)(C)C,141600.0
6df82e8e-2abd-11ee-8be1-005056921581,CC(CCC1=CC=C(C(C)(C)C)C=C1)C2=CC=C(C(C)(C)C)C=C2,141600.0
14f17b90-4ebf-11ed-8ba0-005056921581,CCC(C)(C)CC,122100.0
14f17b90-4ebf-11ed-8ba0-005056921581,CCCC(C)CCC,122100.0
14f17b90-4ebf-11ed-8ba0-005056921581,CCC(C(OC)=O)CC,122100.0
14f17b90-4ebf-11ed-8ba0-005056921581,CCCCC(C)C,122100.0
98d7eeda-381c-11ed-9a4d-005056921581,CCC(C)CCCC,85875.0
98d7eeda-381c-11ed-9a4d-005056921581,CCC(C(OC)=O)CC,85875.0
98d7eeda-381c-11ed-9a4d-005056921581,CCCCC(C)C,85875.0
d8942d74-e4c7-11ed-9764-005056921581,CCCCCC,12360.0
d8942d74-e4c7-11ed-9764-005056921581,CC(C(OCCCC)=O)C(OCCCC)=O,12360.0
d8942d74-e4c7-11ed-9764-005056921581,CCCCCCC(C(C)CCCCCCC)CC(C)CCCCCC,12360.0
ab5e76c2-6fb8-11ed-97f8-005056921581,CCC(CC(C)OCCCC)Cl,2061.0
ab5e76c2-6fb8-11ed-97f8-005056921581,CCCCCCC,2061.0
ab5e76c2-6fb8-11ed-97f8-005056921581,O=C(OC)C(C)(C)CC,2061.0
ab5e76c2-6fb8-11ed-97f8-005056921581,CC(C)CCCCC,2061.0
ab5e76c2-6fb8-11ed-97f8-005056921581,CCCCCCCCC(CCCCC)CCCCCC,2061.0
83bf60fa-e424-11ed-9764-005056921581,CCCCCC,40200.0
83bf60fa-e424-11ed-9764-005056921581,CC(C)CCCCC,40200.0
83bf60fa-e424-11ed-9764-005056921581,CCC(C(OC[CH2](C)CCCCCCC[CH2])=O)C,40200.0
83bf60fa-e424-11ed-9764-005056921581,CC(C)(C)CC(C)(C)C,40200.0
83bf60fa-e424-11ed-9764-005056921581,CCCC(C)C,40200.0
cc668232-11a9-11ed-9048-005056921581,CCCCC,16640.0
cc668232-11a9-11ed-9048-005056921581,CCCC(C)CCC,16640.0
cc668232-11a9-11ed-9048-005056921581,COC(C(C)(CC)C)=O,16640.0
cc668232-11a9-11ed-9048-005056921581,CCC(C(OC)=O)CC,16640.0
cc668232-11a9-11ed-9048-005056921581,CCCCCC,16640.0
7dd18f3e-85dc-11ed-8bea-005056921581,CCC(C)CCCC,79350.0
7dd18f3e-85dc-11ed-8bea-005056921581,CCC(C)(C)CC,79350.0
7dd18f3e-85dc-11ed-8bea-005056921581,O=C(OC)C(C)(CCC)C,79350.0
7dd18f3e-85dc-11ed-8bea-005056921581,CCCCC(C)C,79350.0
bbb99bd8-4497-11ed-8e3b-005056921581,CCCCC,
bbb99bd8-4497-11ed-8e3b-005056921581,CCCC(C)CCC,
bbb99bd8-4497-11ed-8e3b-005056921581,CCC(C(OC)=O)CC,
bbb99bd8-4497-11ed-8e3b-005056921581,CCCCCC,
0b48031c-5067-11ed-8429-005056921581,CCCC(C)CCC,14445.0
0b48031c-5067-11ed-8429-005056921581,CCC(C(OC)=O)CC,14445.0
0b48031c-5067-11ed-8429-005056921581,CC1=CC2=NNN=C2C=C1.C(CO)N(CCO)CCO,14445.0
0b48031c-5067-11ed-8429-005056921581,CCCCCC,14445.0
0b48031c-5067-11ed-8429-005056921581,CCCCCCC,14445.0
3a073616-5132-11ed-8c60-005056921581,CCC(C)CCCC,14385.0
3a073616-5132-11ed-8c60-005056921581,CCC(C)(C)CC,14385.0
3a073616-5132-11ed-8c60-005056921581,CCCC(C)CCC,14385.0
3a073616-5132-11ed-8c60-005056921581,CCC(C(OC)=O)CC,14385.0
3a073616-5132-11ed-8c60-005056921581,CC(C)CCCCC,14385.0
2d1bdb06-7a17-11ed-80e1-005056921581,CCCC(C)CCC,8355.0
2d1bdb06-7a17-11ed-80e1-005056921581,CC(C)(C)C(OC)=O,8355.0
2d1bdb06-7a17-11ed-80e1-005056921581,CC(C)CCCCC,8355.0
2d1bdb06-7a17-11ed-80e1-005056921581,CCC(C(OC[CH2](C)CCCCCCC[CH2])=O)C,8355.0
2d1bdb06-7a17-11ed-80e1-005056921581,CCCC/C=C\C(CCCCCCC)=C\C(CCCCC)C,8355.0
b35ae502-3356-11ed-9685-005056921581,CCC(C)CCCC,113300.0
b35ae502-3356-11ed-9685-005056921581,CCCCC,113300.0
b35ae502-3356-11ed-9685-005056921581,CCC(C)CC,113300.0
b35ae502-3356-11ed-9685-005056921581,CCC(C(OC)=O)CC,113300.0
b35ae502-3356-11ed-9685-005056921581,CCCCC(C)C,113300.0
44a3a6f4-0e79-11ee-8cc3-005056921581,CCCCC,123750.0
44a3a6f4-0e79-11ee-8cc3-005056921581,CCCC(C)CCC,123750.0
44a3a6f4-0e79-11ee-8cc3-005056921581,CCC(C(OC)=O)CC,123750.0
44a3a6f4-0e79-11ee-8cc3-005056921581,CCCCC(C)C,123750.0
44a3a6f4-0e79-11ee-8cc3-005056921581,CC(C)CCCCC,123750.0
44a3a6f4-0e79-11ee-8cc3-005056921581,CC(C)(C)CC(C)(C)C,123750.0
daa2f6ca-a9dd-11ec-9d4e-005056921581,CCC(C)CCCC,372600.0
daa2f6ca-a9dd-11ec-9d4e-005056921581,CCCCC,372600.0
daa2f6ca-a9dd-11ec-9d4e-005056921581,CCCC(C)CCC,372600.0
daa2f6ca-a9dd-11ec-9d4e-005056921581,CCCCC(C)C,372600.0
bb3c499e-c6ca-11ec-9ebf-005056921581,CCC(C)CCCC,100600.0
bb3c499e-c6ca-11ec-9ebf-005056921581,CCCCC,100600.0
bb3c499e-c6ca-11ec-9ebf-005056921581,CCCC(C)CCC,100600.0
bb3c499e-c6ca-11ec-9ebf-005056921581,CCC(C(OC)=O)CC,100600.0
bb3c499e-c6ca-11ec-9ebf-005056921581,CCCCC(C)C,100600.0
bb3c499e-c6ca-11ec-9ebf-005056921581,CC(C)CCCCC,100600.0
62ca7eda-a788-11ed-992a-005056921581,CCCCC,128000.0
62ca7eda-a788-11ed-992a-005056921581,CCCC(C)CCC,128000.0
62ca7eda-a788-11ed-992a-005056921581,CCC(C(OC)=O)CC,128000.0
62ca7eda-a788-11ed-992a-005056921581,CCCCC(C)C,128000.0
62ca7eda-a788-11ed-992a-005056921581,CC(C)CCCCC,128000.0
62ca7eda-a788-11ed-992a-005056921581,CC(C)(C)CC(C)(C)C,128000.0
58e74e6e-5f37-11ed-855c-005056921581,CCC(C)(C)CC,106300.0
58e74e6e-5f37-11ed-855c-005056921581,CCCC(C)CCC,106300.0
58e74e6e-5f37-11ed-855c-005056921581,CCC(C(OC)=O)CC,106300.0
58e74e6e-5f37-11ed-855c-005056921581,CCCCC(C)C,106300.0
58e74e6e-5f37-11ed-855c-005056921581,CCCCCCCCN(C1=CC=CC=C1)C2=CC=CC=C2CCCC,106300.0
32669e02-0cb7-11ed-87b0-005056921581,CCCCC,17845.0
32669e02-0cb7-11ed-87b0-005056921581,CCCC(C)CCC,17845.0
32669e02-0cb7-11ed-87b0-005056921581,CCC(C(OC)=O)CC,17845.0
32669e02-0cb7-11ed-87b0-005056921581,CCCCCC,17845.0
17ff87e4-8261-11ec-83a1-005056921581,CCC(C)CCCC,154000.0
17ff87e4-8261-11ec-83a1-005056921581,CCCCC,154000.0
17ff87e4-8261-11ec-83a1-005056921581,O=C(OCCCCCCCCCC)CCCCCC1=CC=CC=C1,154000.0
17ff87e4-8261-11ec-83a1-005056921581,CCCCC(C)C,154000.0
a52383b0-045a-11ee-9aec-005056921581,CCCCC,133300.0
a52383b0-045a-11ee-9aec-005056921581,CCCC(C)CCC,133300.0
a52383b0-045a-11ee-9aec-005056921581,CCC(C(OC)=O)CC,133300.0
a52383b0-045a-11ee-9aec-005056921581,CCCCC(C)C,133300.0
a52383b0-045a-11ee-9aec-005056921581,CC(C)CCCCC,133300.0
a52383b0-045a-11ee-9aec-005056921581,CC(C)(C)CC(C)(C)C,133300.0
e800c690-83b5-11ee-9b0d-005056921581,CCC(C)(C)CC,70100.0
e800c690-83b5-11ee-9b0d-005056921581,CCC(C(OC)=O)CC,70100.0
e800c690-83b5-11ee-9b0d-005056921581,CCCCC(C)C,70100.0
e800c690-83b5-11ee-9b0d-005056921581,CC(C)(C)CC(C)(C)C,70100.0
19116de2-76ed-11ed-8822-005056921581,CCCCC,38475.0
19116de2-76ed-11ed-8822-005056921581,CCCC(C)CCC,38475.0
19116de2-76ed-11ed-8822-005056921581,CCC(C(OC)=O)CC,38475.0
19116de2-76ed-11ed-8822-005056921581,CC(C)(CC(C)C1=CC=CC=C1)C(OC)=O,38475.0
63ac5568-3351-11ed-9685-005056921581,CCCCC,12655.0
63ac5568-3351-11ed-9685-005056921581,CCCC(C)CCC,12655.0
63ac5568-3351-11ed-9685-005056921581,COC(C(C)(CC)C)=O,12655.0
63ac5568-3351-11ed-9685-005056921581,CCCCCC,12655.0
7f5ebbbc-d832-11ed-9c4c-005056921581,CCCC(C)CCC,13010.0
751b8e50-d922-11ed-8ff0-005056921581,CCCCCC,10790.0
751b8e50-d922-11ed-8ff0-005056921581,CC(C(OCCCC)=O)C(OCCCC)=O,10790.0
751b8e50-d922-11ed-8ff0-005056921581,CCCCCCC(C(C)CCCCCCC)CC(C)CCCCCC,10790.0
cf64c430-c172-11ec-9ebf-005056921581,CCC(C)CCCC,52600.0
cf64c430-c172-11ec-9ebf-005056921581,CCC(C)(C)CC,52600.0
cf64c430-c172-11ec-9ebf-005056921581,CC1CCCCC1C,52600.0
cf64c430-c172-11ec-9ebf-005056921581,CCC(C(OC)=O)CC,52600.0
cf64c430-c172-11ec-9ebf-005056921581,CC/C=C/CC(C1=CC=CC=C1)CCCC(C2=CC=CC=C2)C/C=C/C,52600.0
67172f6e-c70f-11ed-863f-005056921581,CCCCC,40515.0
67172f6e-c70f-11ed-863f-005056921581,CCCC(C)CCC,40515.0
67172f6e-c70f-11ed-863f-005056921581,CCC(C(OC)=O)CC,40515.0
67172f6e-c70f-11ed-863f-005056921581,CCCCCC,40515.0
67172f6e-c70f-11ed-863f-005056921581,CC(C)CCCCC,40515.0
67172f6e-c70f-11ed-863f-005056921581,CCC(C(OC[CH2](C)CCCCCCC[CH2])=O)C,40515.0
3a2c5884-c6fc-11ed-863f-005056921581,CCCC(C)CCC,166200.0
3a2c5884-c6fc-11ed-863f-005056921581,CCC(C(OC)=O)CC,166200.0
3a2c5884-c6fc-11ed-863f-005056921581,CC(C)CCCCC,166200.0
d5b55a6c-7ae4-11ed-9727-005056921581,CCCCC,12145.0
d5b55a6c-7ae4-11ed-9727-005056921581,CCCC(C)CCC,12145.0
d5b55a6c-7ae4-11ed-9727-005056921581,CCC(C(OC)=O)CC,12145.0
d5b55a6c-7ae4-11ed-9727-005056921581,CCCCCC,12145.0
d5b55a6c-7ae4-11ed-9727-005056921581,CC(C)(CC(C)C1=CC=CC=C1)C(OC)=O,12145.0
bda4fefa-13ce-11ed-94cf-005056921581,CCC(C)CCCC,16815.0
bda4fefa-13ce-11ed-94cf-005056921581,CCC(C)(C)CC,16815.0
bda4fefa-13ce-11ed-94cf-005056921581,CCCC(C)CCC,16815.0
bda4fefa-13ce-11ed-94cf-005056921581,COC(C(C)(CC)C)=O,16815.0
bda4fefa-13ce-11ed-94cf-005056921581,CCC(C(OC)=O)CC,16815.0
94e259e8-c590-11ee-8071-005056921581,CCCCC,90530.0
94e259e8-c590-11ee-8071-005056921581,CCCC(C)CCC,90530.0
94e259e8-c590-11ee-8071-005056921581,CCC(C(OC)=O)CC,90530.0
94e259e8-c590-11ee-8071-005056921581,CCCCC(C)C,90530.0
94e259e8-c590-11ee-8071-005056921581,CC(C)(C)CC(C)(C)C,90530.0
81d5c538-c97d-11ee-95e1-005056921581,CCC(C(OC)=O)CC,17200.0
81d5c538-c97d-11ee-95e1-005056921581,CC(C)(CC(C)C1=CC=CC=C1)C(OC)=O,17200.0
81d5c538-c97d-11ee-95e1-005056921581,CC(C)(C)CC(C)(C)C,17200.0
81d5c538-c97d-11ee-95e1-005056921581,CCC(C)CCC,17200.0
1633dd1a-41b5-11ee-80bb-005056921581,CCCC(C)CCC,10297.0
c7dd733a-76ec-11ed-8822-005056921581,CCCCC,21695.0
c7dd733a-76ec-11ed-8822-005056921581,CCCC(C)CCC,21695.0
c7dd733a-76ec-11ed-8822-005056921581,CCC(C(OC)=O)CC,21695.0
c7dd733a-76ec-11ed-8822-005056921581,CC(C)(CC(C)C1=CC=CC=C1)C(OC)=O,21695.0
27e7af3c-6f15-11ed-97f8-005056921581,CCC(CC(C)OCCCC)Cl,4357.0
27e7af3c-6f15-11ed-97f8-005056921581,CCCCCCC,4357.0
27e7af3c-6f15-11ed-97f8-005056921581,O=C(OC)C(C)(C)CC,4357.0
27e7af3c-6f15-11ed-97f8-005056921581,CC(C)CCCCC,4357.0
27e7af3c-6f15-11ed-97f8-005056921581,CCCCCCCCC(CCCCC)CCCCCC,4357.0
9bd22d12-c042-11ee-8fe1-005056921581,CCCCC(C)C,266400.0
9bd22d12-c042-11ee-8fe1-005056921581,CC(C(OCCCC)=O)C(OCCCC)=O,266400.0
9bd22d12-c042-11ee-8fe1-005056921581,CCCCCCCCC(CCCCCC)CC(C)CCCCCCCC,266400.0
6babd070-4bf3-11ee-9c35-005056921581,CC(C(OCCCC)=O)C(OCCCC)=O,189150.0
6babd070-4bf3-11ee-9c35-005056921581,CCCCCCCCC(CCCCCC)CC(C)CCCCCCCC,189150.0
45f1e44a-9410-11ee-8abf-005056921581,CCCC(C)CCC,12510.0
45f1e44a-9410-11ee-8abf-005056921581,CCC(C(OC)=O)CC,12510.0
45f1e44a-9410-11ee-8abf-005056921581,CCCCCCC,12510.0
45f1e44a-9410-11ee-8abf-005056921581,CCCCC(C)C,12510.0
